60037,9/30/2018,JESENIA RODRIGUEZ,Area Manager,9801 SOUTH FM 1541,,AMARILLO,Tx,79118,0,8065531772,8335014762,0,1,18,41,60,0,2,18,43,63,0,3,1,55,47,0,4,1,22,32,0,5,0,12,10,0,6,597.22,520.93,1055.77,0,7,13537.35,4290,16032.5,0,8,0,0,24,6,9A,1,2.5,1.46,0,9B,1,2,1,0,9C,1,1,1,0,10A,69.85,10,10,75,10B,119.88,16.97,24.57,142.43,10C,171,30,25,150,10D,163,17,30,179,10E,24,45,96,81,10F,29,226,242,41,10G,9,20,25,6,10H,7639.31,7979.44,24544.92,8676.68,10I,27,54,104,66,Terry Fields,CFO
60151,9/30/2018,JESENIA RODRIGUEZ,Area Manager,105 W BROADWAY ST, ,BROWNFIELD,Tx,79316,0,8066379505,8335014766,0,1,0,19,41,0,2,0,19,44,0,3,0,34,29,0,4,0,15,21,0,5,0,8,6,0,6,0,381.57,1207.83,0,7,0,1342.5,11218.5,0,8,0,0,8,5,9A,0,2.26,1.38,0,9B,0,2,1,0,9C,0,1,1,0,10A,44.32,14.99,15,78,10B,60.26,19,24.6,134.34,10C,76.2,30,25,150,10D,84,18,30,176,10E,3,32,70,18,10F,2,176,220,13,10G,0,5,17,2,10H,0,2078.74,22976.64,1646.99,10I,3,40,91,12,Terry Fields,CFO
60099,9/30/2018,JESENIA RODRIGUEZ,Area Manager,1608 W. 5TH STREET, ,PLAINVIEW,Tx,79072,0,8062938500,8335014756,0,1,17,62,49,0,2,19,78,52,0,3,3,87,45,0,4,3,40,30,0,5,0,22,15,0,6,557.89,432.69,1114.42,0,7,8193.71,6155.5,11909,0,8,0,0,11,0,9A,1,2.17,1.5,0,9B,1,2,1,0,9C,1,1,1,0,10A,42.76,10,6,130.83,10B,81.28,17.09,22.12,146.59,10C,171,30,30,150,10D,123,17,30,175,10E,22,58,89,32,10F,26,288,259,11,10G,13,45,29,3,10H,8950,16100.55,26943.66,1127.63,10I,25,76,97,24,Terry Fields,CFO
60111,9/30/2018,ELICHA SERRATO,Area Manager,8402 SPENCER HIGHWAY, ,LA PORTE,Tx,77571,0,2814790259,8552165278,0,1,4,54,75,4,2,5,56,82,4,3,0,131,87,3,4,0,38,43,2,5,0,27,22,1,6,740,451.78,1465.32,600,7,5631.19,3967.5,23615,3373.33,8,0,0,8,5,9A,0,3.44,2.02,1.5,9B,0,3,2,1,9C,0,1,1,1,10A,83.95,10,7,60,10B,135.76,15.48,21.41,117.71,10C,163.4,30,25.4,150,10D,166,14,30,179,10E,3,87,113,93,10F,8,539,442,62,10G,1,24,27,16,10H,1200,7337.73,23987.88,17223.8,10I,6,96,150,69,Terry Fields,CFO
60216,9/30/2018,RICHARD HELDMAN,Area Manager,902 WEST PANOLA STREET, ,CARTHAGE,Tx,75633,0,9036937001,8332281219,0,1,2,12,3,24,2,2,14,3,25,3,0,25,3,8,4,0,7,1,5,5,0,6,1,2,6,400,421.42,2833.33,1061.47,7,1261.91,1125,1363,35022.59,8,0,0,0,4,9A,0,3.57,3,1.6,9B,0,3,3,1,9C,0,2,3,1,10A,151.49,10,7.5,66,10B,158.8,17.82,18.1,137.24,10C,168.15,30,30,153.57,10D,169,18,30,171,10E,3,11,2,73,10F,3,78,15,75,10G,1,8,0,11,10H,666.8,2151.77,0,33768.93,10I,3,16,5,74,Terry Fields,CFO
60215,9/30/2018,DAWN PARKER,Area Manager,511 NORTH HEWITT DRIVE SUITE 7, ,HEWITT,Tx,76643,0,2546662657,8335014797,0,1,2,28,34,10,2,2,29,35,10,3,0,27,28,2,4,0,12,21,1,5,0,9,5,1,6,525,386.2,794.28,1835,7,966.35,2257.5,6060,26860,8,0,0,7,4,9A,0,2.25,1.33,2,9B,0,2,1,2,9C,0,2,1,2,10A,77.9,10,11,59.67,10B,133.96,16.08,23.6,131.6,10C,160.55,30,25,150,10D,149,18,30,178,10E,6,47,61,71,10F,5,228,168,50,10G,1,10,18,15,10H,400,3557.08,17045.14,15787.3,10I,4,56,67,54,Terry Fields,CFO
60055,9/30/2018,NANCY FRANCO,Area Manager,3909 ALTA MESA BLVD, ,FORT WORTH,Tx,76133,0,8173611684,8009214820,0,1,7,98,50,21,2,7,111,53,21,3,0,141,38,2,4,0,48,24,2,5,0,32,9,0,6,685.71,364.86,757.21,1290.1,7,6447.71,7109.5,10127.5,40135.11,8,0,0,5,7,9A,0,2.93,1.58,1,9B,0,2,1,1,9C,0,1,1,1,10A,90,10,20,76.5,10B,134.82,16.95,24.92,146.98,10C,171,30,25,151.78,10D,174,16,30,175,10E,8,79,20,93,10F,10,489,130,66,10G,3,46,18,11,10H,2699.95,12195.85,12854.28,9685.74,10I,9,111,50,89,Terry Fields,CFO
60156,9/30/2018,NANCY FRANCO,Area Manager,1516 W BERRY ST, ,FORT WORTH,Tx,76110,0,8179210247,8007801571,0,1,6,86,81,12,2,7,97,88,12,3,0,88,55,2,4,0,37,30,2,5,0,23,16,0,6,635.71,423.19,1136.12,1220.83,7,5761.56,7267.5,23399.5,21375,8,0,0,19,5,9A,0,2.37,1.83,1,9B,0,2,2,1,9C,0,1,1,1,10A,68.4,10,10,75,10B,138.53,18.18,24.18,144.81,10C,171,30,25,152.68,10D,168,16,30,177,10E,24,94,144,122,10F,17,412,389,90,10G,4,49,33,21,10H,1843.44,16034.19,29119.76,20351.38,10I,21,102,152,113,Terry Fields,CFO
60098,9/30/2018,ELICHA SERRATO,Area Manager,2519 SOUTH MAIN, ,PEARLAND,Tx,77581,0,8327369494,8552165383,0,1,8,51,39,5,2,8,56,42,5,3,0,68,32,1,4,0,30,19,1,5,0,17,7,0,6,650,434.82,1815.47,770,7,7206.17,4610,14192.5,5775,8,0,0,2,1,9A,0,2.26,1.68,1,9B,0,2,1,1,9C,0,1,1,1,10A,75.29,10,11.5,75,10B,122.1,17.43,21.25,123.91,10C,162.45,30,30,150,10D,135,17,30,179,10E,7,67,65,50,10F,11,347,200,44,10G,4,24,16,5,10H,2607.43,8864.06,24517.08,6512.98,10I,11,85,83,45,Terry Fields,CFO
60204,9/30/2018,ELICHA SERRATO,Area Manager,1710 EAST MAIN STREET, ,LEAGUE CITY,Tx,77573,0,2815542700,8552165385,0,1,9,41,25,7,2,9,46,25,7,3,0,45,26,0,4,0,21,16,0,5,0,13,8,0,6,711.11,416.3,2892.68,3121.42,7,7144.69,3155,11766,21945,8,0,0,10,1,9A,0,2.14,1.62,0,9B,0,2,1,0,9C,0,1,1,0,10A,70.29,10,10,75,10B,125.87,15.34,18.95,109.62,10C,171,30,30,150,10D,160,16,30,180,10E,6,62,86,1,10F,13,278,189,13,10G,1,21,23,0,10H,500,5448.34,24662.91,0,10I,14,72,71,13,Terry Fields,CFO
60072,9/30/2018,CLOSED TX,Area Manager,809 FERRIS AVENUE, ,WAXAHACHIE,Tx,75165,0,9729237711,9729237709,0,1,0,0,0,0,2,0,0,0,0,3,0,0,0,0,4,0,0,0,0,5,0,0,0,0,6,0,0,0,0,7,0,0,0,0,8,0,0,1,0,9A,0,0,0,0,9B,0,0,0,0,9C,0,0,0,0,10A,0,0,0,0,10B,0,0,0,0,10C,0,0,0,0,10D,0,0,0,0,10E,0,0,0,0,10F,0,0,0,0,10G,0,0,0,0,10H,0,0,0,0,10I,0,0,0,0,Terry Fields,CFO
60230,9/30/2018,MIKE BRADSHAW,Area Manager,502 WEST MAIN STREET, ,TOMBALL,Tx,77375,0,2812554488,8552165410,0,1,8,34,54,15,2,8,41,56,15,3,0,43,50,0,4,0,15,27,0,5,0,10,16,0,6,425,421.95,1178.9,1916.66,7,4513.99,2755,15820,40997.96,8,0,0,5,3,9A,0,2.86,1.85,0,9B,0,3,2,0,9C,0,1,2,0,10A,68.94,14.99,7.5,59.67,10B,126.8,16.16,23.36,140.21,10C,161.5,30,30,155.36,10D,138,15,30,173,10E,6,48,125,34,10F,9,245,378,36,10G,1,28,26,4,10H,761.06,9172.95,36361.42,7400,10I,11,47,131,43,Terry Fields,CFO
60203,9/30/2018,RICHARD HELDMAN,Area Manager,706 NORTH MCCOY BOULEVARD, ,NEW BOSTON,Tx,75570,0,9036282234,8332281223,0,1,1,43,0,33,2,1,44,0,33,3,0,67,0,2,4,0,27,0,2,5,0,18,0,0,6,400,325,0,737.41,7,672.6,2932.5,0,34973.6,8,0,0,0,1,9A,0,2.48,0,1,9B,0,2,0,1,9C,0,1,0,1,10A,168.15,10,0,75,10B,169.57,20.41,0,141.71,10C,171,30,0,153.57,10D,178,19,0,171,10E,4,43,0,75,10F,2,246,0,65,10G,1,7,0,15,10H,859.09,2080.07,0,8632.36,10I,4,66,0,80,Terry Fields,CFO
60164,9/30/2018,NANCY FRANCO,Area Manager,2002 HIGHWAY 157 NORTH, ,MANSFIELD,Tx,76063,0,6825185221,8009210328,0,1,3,36,0,74,2,3,39,0,77,3,0,32,0,13,4,0,18,0,10,5,0,8,0,2,6,666.66,355.12,0,1624.69,7,2248.67,2480,0,133014.25,8,0,0,0,4,9A,0,1.77,0,1.3,9B,0,1,0,1,9C,0,1,0,1,10A,78.92,10,9,60,10B,102.77,16.5,9,120.6,10C,153.9,30,9,150,10D,160,16,30,179,10E,12,48,3,193,10F,8,172,5,182,10G,4,21,0,40,10H,3148.36,5078.38,0,38582.81,10I,10,45,2,203,Terry Fields,CFO
63605,9/30/2018,DAWN PARKER,Area Manager,100 SOUTH BELL BOULEVARD, ,CEDAR PARK,Tx,78613,0,5122199559,8335014695,0,1,18,161,37,21,2,19,184,44,21,3,0,203,25,2,4,0,73,13,1,5,0,46,8,1,6,889.47,491.3,1209.09,2416.66,7,23666.73,15067.5,12414.5,56453.83,8,0,0,5,10,9A,0,2.78,1.92,2,9B,0,2,2,1,9C,0,1,1,1,10A,71.25,10,12.5,59.67,10B,137.24,15.61,23.76,120.9,10C,171,30,30,153.57,10D,153,16,30,175,10E,19,83,25,82,10F,26,603,108,88,10G,12,70,24,15,10H,9157.17,28874.04,23472.99,38696.27,10I,21,150,31,84,Terry Fields,CFO
60063,9/30/2018,CLOSED TX,Area Manager,895 US-77 HWY,,SAN BENITO,Tx,78586,0,9563615300,8335014688,0,1,0,0,0,0,2,0,0,0,0,3,0,0,0,0,4,0,0,0,0,5,0,0,0,0,6,0,0,0,0,7,0,0,0,0,8,0,0,1,0,9A,0,0,0,0,9B,0,0,0,0,9C,0,0,0,0,10A,0,0,0,0,10B,0,0,0,0,10C,0,0,0,0,10D,0,0,0,0,10E,0,0,1,3,10F,0,0,0,0,10G,0,0,0,0,10H,0,0,0,0,10I,0,0,2,0,Terry Fields,CFO
60038,9/30/2018,FELIPE CASTILLO,Area Manager,4301 MCPHERSON AVE, ,LAREDO,Tx,78041,0,9567262591,8335014657,0,1,4,29,0,57,2,4,29,0,60,3,0,39,0,18,4,0,17,0,15,5,0,7,0,3,6,1137.5,329.31,0,1095.83,7,5968.32,1817.5,0,87158.8,8,0,0,0,8,9A,0,2.29,0,1.2,9B,0,1,0,1,9C,0,1,0,1,10A,88.12,10,0,75,10B,110.28,14.38,0,135.61,10C,168,30,0,150,10D,172,16,0,179,10E,13,47,0,187,10F,14,232,0,196,10G,2,4,0,30,10H,2553.8,1179.61,0,41669.48,10I,11,60,0,196,Terry Fields,CFO
60082,9/30/2018,ELICHA SERRATO,Area Manager,919 11TH ST., ,HUNTSVILLE,Tx,77340,0,9362940146,8552165395,0,1,3,34,63,8,2,3,36,67,8,3,0,71,82,1,4,0,24,42,1,5,0,17,24,0,6,750,356.94,727.9,1488.5,7,3063,2675,11723,13470.28,8,0,0,9,2,9A,0,2.95,1.95,1,9B,0,2,2,1,9C,0,1,1,1,10A,94.8,10,10,78,10B,124.95,20.17,23.06,131.28,10C,171,30,28,150,10D,177,20,30,178,10E,7,74,159,38,10F,4,322,514,27,10G,1,19,25,5,10H,900,7638.06,20152.88,6250,10I,8,72,172,37,Terry Fields,CFO
60163,9/30/2018,CLOSED TX,Area Manager,900 BUGG LANE STE 210,,SAN MARCOS,Tx,78666,0,5123926142,5123926159,0,1,0,0,0,0,2,0,0,0,0,3,0,0,0,0,4,0,0,0,0,5,0,0,0,0,6,0,0,0,0,7,0,0,0,0,8,0,0,1,0,9A,0,0,0,0,9B,0,0,0,0,9C,0,0,0,0,10A,0,0,0,0,10B,0,0,0,0,10C,0,0,0,0,10D,0,0,0,0,10E,0,0,0,0,10F,0,0,0,0,10G,0,0,0,0,10H,0,0,0,0,10I,0,0,0,0,Terry Fields,CFO
60104,9/30/2018,KODI RADFORD,Area Manager,4515 N TWIN CITY HWY STE 100, ,PORT ARTHUR,Tx,77642,0,4099627700,8552165598,0,1,14,0,93,1,2,16,0,96,1,3,1,0,54,0,4,1,0,38,0,5,0,0,14,0,6,443.75,0,1150.92,1250,7,10895.55,0,24743.75,1875,8,0,0,10,0,9A,1,0,1.42,0,9B,1,0,1,2,9C,1,0,1,2,10A,64.6,0,12,150,10B,148.12,0,23.73,150,10C,171,0,25,150,10D,157,0,30,180,10E,7,0,197,0,10F,18,0,490,17,10G,6,0,43,2,10H,3219.48,0,37270.33,1353.58,10I,17,0,217,8,Terry Fields,CFO
60057,9/30/2018,CLOSED TX,Area Manager,1713 E. MAIN STREET, ,ALICE,Tx,78332,0,3616611872,8669567865,0,1,0,0,0,0,2,0,0,0,0,3,0,0,0,0,4,0,0,0,0,5,0,0,0,0,6,0,0,0,0,7,0,0,0,0,8,0,0,1,1,9A,0,0,0,0,9B,0,0,0,0,9C,0,0,0,0,10A,0,0,0,0,10B,0,0,0,0,10C,0,0,0,0,10D,0,0,0,0,10E,0,0,0,1,10F,0,0,0,0,10G,0,0,0,0,10H,0,0,0,0,10I,0,0,1,0,Terry Fields,CFO
60019,9/30/2018,OLGA MARTINEZ,Area Manager,401 N AUSTIN AVE, ,DENISON,Tx,75020,0,9033278205,8332281243,0,1,3,30,72,0,2,4,32,79,0,3,1,37,43,0,4,1,15,32,0,5,0,11,9,0,6,575,373.43,725.16,0,7,3587.76,2097.5,14245,0,8,0,0,6,0,9A,1,2.46,1.34,0,9B,1,2,1,0,9C,1,2,1,0,10A,146.96,10,18.5,129.17,10B,158.75,16.25,24.76,147.88,10C,171,30,25,150,10D,172,17,30,176,10E,7,41,140,27,10F,6,191,360,11,10G,3,15,45,3,10H,1913.26,4770.05,26399.67,953.32,10I,6,43,142,14,Terry Fields,CFO
60053,9/30/2018,CLOSED TX,Area Manager,1886 MINERAL WELLS HWY SUITE 108,,WEATHERFORD,Tx,76088,0,8175998584,8175998589,0,1,0,0,0,0,2,0,0,0,0,3,0,0,0,0,4,0,0,0,0,5,0,0,0,0,6,0,0,0,0,7,0,0,0,0,8,0,0,0,1,9A,0,0,0,0,9B,0,0,0,0,9C,0,0,0,0,10A,0,0,0,0,10B,0,0,0,0,10C,0,0,0,0,10D,0,0,0,0,10E,0,0,0,0,10F,0,0,0,0,10G,0,0,0,0,10H,0,0,0,0,10I,0,0,0,0,Terry Fields,CFO
60249,9/30/2018,KODI RADFORD,Area Manager,4150 EAST LUCAS DRIVE, ,BEAUMONT,Tx,77708,0,4098929000,8552165563,0,1,8,24,52,0,2,9,42,68,0,3,1,40,53,0,4,1,16,24,0,5,0,10,13,0,6,666.66,369.04,798.92,0,7,8719.76,2520,12997.5,0,8,0,0,6,0,9A,1,2.5,2.2,0,9B,1,2,2,0,9C,1,1,1,0,10A,62.7,10,7,0,10B,138.92,16.6,22.9,0,10C,171,30,25,0,10D,158,15,30,0,10E,8,32,147,1,10F,11,178,391,0,10G,5,36,49,0,10H,3165.59,9466.74,29305.18,0,10I,11,33,136,0,Terry Fields,CFO
60143,9/30/2018,NANCY FRANCO,Area Manager,1111 EAST HENDERSON STREET, ,CLEBURNE,Tx,76031,0,8176412700,8009405606,0,1,3,32,5,51,2,3,35,5,52,3,0,52,0,23,4,0,19,0,11,5,0,12,0,4,6,416.66,345.71,1000,1029.52,7,1765.29,2165,1077.5,75406.43,8,0,0,1,2,9A,0,2.73,0,2.09,9B,0,2,0,1,9C,0,1,0,1,10A,69.85,10,6,100.2,10B,125.35,16.41,22.98,142.53,10C,155.8,30,25,155.36,10D,136,17,30,171,10E,6,74,22,132,10F,4,336,50,144,10G,3,15,1,23,10H,1517.03,3233.97,193.66,18068.4,10I,5,70,20,145,Terry Fields,CFO
60210,9/30/2018,DAWN PARKER,Area Manager,1322 EAST MILAM STREET SUITE 100, ,MEXIA,Tx,76667,0,2545629800,8007948018,0,1,5,34,1,69,2,5,37,1,71,3,2,61,0,6,4,1,22,0,5,5,1,16,0,1,6,860,420.27,400,1109.13,7,5438.29,2988.75,100,101693.46,8,0,0,2,12,9A,2,2.77,0,1.2,9B,2,2,0,1,9C,2,1,0,1,10A,96,9.99,20,60,10B,111.3,20,24.27,137.19,10C,171,30,25,153.57,10D,174,21,30,174,10E,23,39,19,164,10F,31,222,26,155,10G,2,13,4,32,10H,1779.51,4468.71,1499.47,27874.47,10I,23,56,9,180,Terry Fields,CFO
66298,9/30/2018,JESENIA RODRIGUEZ,Area Manager,200 FRANKLIN STREET SUITES 200 AND 300,,ANTHONY,Tx,79821,0,9158863496,8669567438,0,1,11,34,35,2,2,11,37,38,3,3,0,40,26,3,4,0,18,15,2,5,0,10,8,1,6,559.09,494.59,1013.15,533.33,7,9332.4,2715,9175,2400,8,0,0,7,5,9A,0,2.22,1.73,1.5,9B,0,2,2,1,9C,0,1,1,1,10A,76.2,10,18.5,127.5,10B,147.42,15.69,24.89,148.44,10C,171,30,25,150,10D,163,16,30,178,10E,11,41,64,35,10F,15,189,189,26,10G,2,17,18,4,10H,1289.46,8119.03,13622.63,3338.89,10I,19,46,70,30,Terry Fields,CFO
60085,9/30/2018,JESENIA RODRIGUEZ,Area Manager,303-305 N. DUMAS AVE,,DUMAS,Tx,79029,0,8069347115,8335014768,0,1,4,18,44,7,2,5,21,45,7,3,2,17,30,3,4,1,8,16,2,5,1,5,10,1,6,710,511.9,1346.03,1585.71,7,4259.85,1912.5,14052.5,11730.16,8,0,0,14,3,9A,2,2.12,1.87,1.5,9B,2,2,2,2,9C,2,1,1,1,10A,57,14.99,15,71.6,10B,122.38,15.97,24.65,146.41,10C,171,30,25,150,10D,154,21,30,177,10E,17,28,71,37,10F,9,108,190,42,10G,6,14,17,7,10H,3641.24,5924.91,13469.68,11046.53,10I,13,29,75,39,Terry Fields,CFO
60068,9/30/2018,FELIPE CASTILLO,Area Manager,3111 NORTH 10TH STREET, ,MCALLEN,Tx,78501,0,9566318000,8335014654,0,1,22,57,70,3,2,24,64,72,3,3,6,87,49,2,4,5,33,31,1,5,1,21,14,1,6,554.16,444.53,2277.38,1116.66,7,17519.63,4867.5,29946.5,3912,8,0,0,6,3,9A,1.2,2.63,1.58,2,9B,1,2,1,1,9C,1,1,1,1,10A,81.64,14.99,12.5,67.5,10B,119.08,18.27,22.21,133.25,10C,170.05,30,25,150,10D,165,16,30,179,10E,36,87,49,126,10F,56,463,185,117,10G,13,32,24,16,10H,6732.87,16119.89,37928.45,25553.31,10I,43,94,69,123,Terry Fields,CFO
60062,9/30/2018,KODI RADFORD,Area Manager,1401 STRICKLAND DR, ,ORANGE,Tx,77630,0,4099880800,8552165439,0,1,3,16,78,5,2,3,17,83,5,3,1,28,73,0,4,1,7,38,0,5,0,5,21,0,6,900,411.76,984.33,3640,7,4005.83,1117.5,18825,20333.92,8,0,0,12,0,9A,1,4,1.92,0,9B,1,4,2,0,9C,1,2,1,0,10A,145.14,10,11,75,10B,157.42,17.12,23.83,118.04,10C,171,30,25,150,10D,168,16,30,169,10E,9,21,185,11,10F,5,120,561,10,10G,1,11,46,5,10H,916.84,2844.86,51616.66,16420.33,10I,6,23,197,10,Terry Fields,CFO
60101,9/30/2018,DAWN PARKER,Area Manager,1902 HIGHWAY 281, ,MARBLE FALLS,Tx,78654,0,8306930638,8335014714,0,1,16,38,48,7,2,19,43,48,7,3,1,50,30,0,4,1,19,21,0,5,0,13,7,0,6,615.78,415.11,1134.87,4314.28,7,9561.99,2752.5,11322.5,33700.41,8,0,0,6,8,9A,1,2.63,1.42,0,9B,1,2,1,0,9C,1,1,1,0,10A,34.23,14.99,10,75,10B,84.51,15.72,24.6,141.3,10C,94.8,30,25,150,10D,160,16,30,176,10E,41,35,70,58,10F,67,207,212,32,10G,11,29,19,6,10H,8151.12,8948.35,26523.35,3299.42,10I,44,45,85,49,Terry Fields,CFO
60231,9/30/2018,ELICHA SERRATO,Area Manager,12817 ALDINE WESTFIELD RD, ,HOUSTON,Tx,77039,0,2812277600,8552165336,0,1,28,0,90,2,2,28,0,93,2,3,7,0,4,1,4,5,0,4,1,5,2,0,0,0,6,558.92,0,1271.06,530.43,7,19154.28,0,22430.5,1950,8,0,0,11,13,9A,1.4,0,1,1,9B,1,0,1,1,9C,1,0,1,1,10A,42.76,0,12.5,58.65,10B,110.09,0,21.25,122.08,10C,171,0,25,150,10D,153,0,30,178,10E,30,0,55,241,10F,64,0,102,251,10G,6,0,5,36,10H,4085.46,0,12079.28,26720.9,10I,49,0,52,262,Terry Fields,CFO
60137,9/30/2018,CLOSED TX,Area Manager,620 SOUTH SAGINAW BOULEVARD, ,FORT WORTH,Tx,76179,0,8178474477,8335014692,0,1,0,0,0,0,2,0,0,0,0,3,0,0,0,0,4,0,0,0,0,5,0,0,0,0,6,0,0,0,0,7,0,0,0,0,8,0,0,0,1,9A,0,0,0,0,9B,0,0,0,0,9C,0,0,0,0,10A,0,0,0,0,10B,0,0,0,0,10C,0,0,0,0,10D,0,0,0,0,10E,0,0,0,2,10F,0,0,0,0,10G,0,0,0,0,10H,0,0,0,0,10I,0,0,0,1,Terry Fields,CFO
60152,9/30/2018,NANCY FRANCO,Area Manager,5400 E. LANCASTER, ,FORT WORTH,Tx,76112,0,8174511867,8009214587,0,1,2,73,1,109,2,2,82,1,117,3,0,84,1,16,4,0,35,1,14,5,0,21,0,2,6,650,349.39,500,1049.68,7,2016.85,6337.5,125,163847.16,8,0,0,0,21,9A,0,2.4,1,1.14,9B,1,2,1,1,9C,1,2,1,1,10A,94.8,14.99,8,60,10B,147.8,19.13,20.17,146.23,10C,171,30,30,150,10D,170,19,30,179,10E,7,73,3,210,10F,7,294,6,208,10G,1,36,0,51,10H,1169.46,11015.89,0,41792.02,10I,7,85,4,236,Terry Fields,CFO
60220,9/30/2018,AMANDA JIMENEZ,Area Manager,4113 ANDREWS HWY, ,ODESSA,Tx,79762,0,4323638200,8335014772,0,1,12,93,102,4,2,12,103,105,4,3,1,122,69,2,4,1,58,48,1,5,0,31,15,1,6,783.33,498.54,1334.4,2900,7,13362.77,7685,32637.75,15145.83,8,0,0,8,5,9A,1,2.1,1.43,2,9B,1,2,1,2,9C,1,1,1,2,10A,75.29,10,10,54.67,10B,144.12,14.96,24.34,138.08,10C,171,30,25,150,10D,158,16,30,178,10E,18,92,78,148,10F,15,486,301,96,10G,6,38,26,19,10H,4243.13,13426.45,29898.25,44052.52,10I,20,119,142,122,Terry Fields,CFO
60140,9/30/2018,OLGA MARTINEZ,Area Manager,1414 JUPITER ROAD, ,PLANO,Tx,75074,0,4694676099,8332281242,0,1,12,123,29,2,2,14,140,31,2,3,0,134,26,0,4,0,60,16,0,5,0,41,7,0,6,703.57,390.35,1846.77,11200,7,14683.02,8992.5,11812.5,15818.33,8,0,0,8,0,9A,0,2.23,1.62,0,9B,0,2,1,0,9C,0,2,1,0,10A,75.29,10,10,67.08,10B,144.61,15.57,23.07,107.57,10C,171,30,25,150,10D,162,15,30,172,10E,6,73,79,6,10F,15,482,197,6,10G,5,58,18,2,10H,4050,18567.55,19293.75,11700,10I,13,128,77,6,Terry Fields,CFO
60030,9/30/2018,KODI RADFORD,Area Manager,3810 COLLEGE DRIVE, ,BEAUMONT,Tx,77701,0,4098358861,8335014649,0,1,21,28,49,0,2,23,33,57,0,3,1,26,27,0,4,1,13,20,0,5,0,6,7,0,6,478.26,428.78,1003.5,0,7,16141.66,2632.5,13675,0,8,0,0,20,2,9A,1,2,1.35,0,9B,1,2,1,0,9C,1,1,1,0,10A,47.17,14.99,10,150,10B,147.85,17.5,23.51,150,10C,171,30,25,150,10D,160,18,30,180,10E,13,39,116,10,10F,25,150,240,2,10G,6,18,25,2,10H,2900,5659.57,23966.14,1300,10I,24,34,117,7,Terry Fields,CFO
60056,9/30/2018,CLOSED TX,Area Manager,1608 SIDNEY BAKER ST, ,KERRVILLE,Tx,78028,0,8302573132,8332281226,0,1,0,0,0,0,2,0,0,0,0,3,0,0,0,0,4,0,0,0,0,5,0,0,0,0,6,0,0,0,0,7,0,0,0,0,8,0,0,0,0,9A,0,0,0,0,9B,0,0,0,0,9C,0,0,0,0,10A,0,0,0,0,10B,0,0,0,0,10C,0,0,0,0,10D,0,0,0,0,10E,0,0,0,2,10F,0,0,0,0,10G,0,0,0,0,10H,0,0,0,0,10I,0,0,0,1,Terry Fields,CFO
60200,9/30/2018,RICHARD HELDMAN,Area Manager,305 US HIGHWAY 79 NORTH, ,HENDERSON,Tx,75652,0,9036571015,8332281220,0,1,8,20,10,17,2,8,21,10,17,3,2,41,8,3,4,1,14,7,3,5,1,11,1,0,6,462.5,459.52,1910.45,751.38,7,4391.59,1620,3270,25750.65,8,0,0,1,2,9A,2,2.92,1.14,1,9B,2,2,1,1,9C,2,2,1,1,10A,73.15,10,12.5,75,10B,141.1,17.64,22.23,137.43,10C,171,30,25,150,10D,149,18,30,177,10E,7,34,14,41,10F,14,155,42,37,10G,7,7,0,9,10H,3234.1,2979.63,0,6541.54,10I,9,36,21,43,Terry Fields,CFO
60257,9/30/2018,NANCY FRANCO,Area Manager,1805 EAST HIGHWAY 377, ,GRANBURY,Tx,76049,0,8175736644,8009217258,0,1,4,49,29,37,2,4,66,30,37,3,2,69,24,16,4,2,30,12,11,5,0,18,5,3,6,612.5,413.63,795.22,1092.09,7,3541.79,4812.5,5725,54361.12,8,0,0,2,1,9A,1,2.3,2,1.45,9B,1,2,1,1,9C,1,1,1,1,10A,70.76,14.99,7.5,60,10B,128.08,16.64,24.07,135.88,10C,167.2,30,25,155.36,10D,137,17,30,176,10E,4,61,76,86,10F,8,283,119,177,10G,5,40,28,14,10H,2628.59,11861.39,19589.47,25624.93,10I,4,62,35,123,Terry Fields,CFO
60131,9/30/2018,AMANDA JIMENEZ,Area Manager,1225 EAST BROADWAY STREET, ,SWEETWATER,Tx,79556,0,3252355400,8335014769,0,1,2,21,24,5,2,2,23,25,5,3,0,20,14,0,4,0,9,8,0,5,0,5,3,0,6,500,428.26,1156.39,1070,7,687.3,1890,6112,7008.18,8,0,0,0,2,9A,0,2.22,1.75,0,9B,0,1,1,0,9C,0,1,1,0,10A,47.4,10,14.5,60,10B,119.25,14.49,22.22,133.37,10C,170.05,30,25,150.89,10D,163,19,30,175,10E,11,32,0,100,10F,6,156,39,31,10G,5,9,2,9,10H,2585.03,3832.46,2850,6969.64,10I,7,36,23,69,Terry Fields,CFO
60114,9/30/2018,NANCY FRANCO,Area Manager,6620 AZLE AVENUE, ,FORT WORTH,Tx,76135,0,8172372900,8335014686,0,1,8,62,0,52,2,8,69,0,53,3,2,87,0,13,4,2,35,0,11,5,0,23,0,2,6,687.5,407.97,0,1503.37,7,7339.63,4995,0,112048.41,8,0,0,0,17,9A,1,2.48,0,1.18,9B,1,2,0,1,9C,1,1,0,1,10A,80.75,10,0,86.93,10B,139.02,17.18,0,143.42,10C,171,30,0,155.36,10D,159,16,0,172,10E,7,87,0,148,10F,14,422,0,135,10G,3,42,0,24,10H,2270.31,13844.59,0,25344.79,10I,11,94,0,148,Terry Fields,CFO
60169,9/30/2018,DAWN PARKER,Area Manager,2707 NORTH MAIN STREET, ,TAYLOR,Tx,76574,0,5123522600,8335014697,0,1,4,66,3,38,2,4,73,3,40,3,1,72,1,9,4,1,32,1,5,5,0,18,0,3,6,375,484.24,766.66,1279.39,7,2376.77,5427.5,575,59659.53,8,0,0,2,7,9A,1,2.25,1,1.8,9B,1,2,1,2,9C,1,1,1,2,10A,94.8,13,19,96,10B,157.01,15.1,24.54,130.97,10C,171,30,25,153.57,10D,176,20,30,170,10E,7,50,11,65,10F,8,234,13,91,10G,4,19,2,16,10H,2681.46,6533.27,577.04,18102.27,10I,7,84,6,86,Terry Fields,CFO
60259,9/30/2018,NANCY FRANCO,Area Manager,7309 HWY 26, ,NORTH RICHLAND HILLS,Tx,76180,0,8174278500,8335014694,0,1,12,126,63,10,2,13,149,64,10,3,0,220,45,2,4,0,74,31,1,5,0,54,11,1,6,638.46,429.19,1386.54,2030,7,12646.54,11370,19166.5,21411.42,8,0,0,2,4,9A,0,2.97,1.45,2,9B,0,2,1,1,9C,0,1,1,1,10A,76.2,10,14,60,10B,145.94,16.39,24.04,130.06,10C,171,30,25,150.89,10D,165,15,30,175,10E,15,127,51,109,10F,17,809,228,92,10G,5,79,19,17,10H,2350,27622.65,27366.38,15978.38,10I,19,163,87,105,Terry Fields,CFO
60108,9/30/2018,OLGA MARTINEZ,Area Manager,1215 LAMAR AVENUE, ,PARIS,Tx,75460,0,9037840986,8332281241,0,1,7,32,53,32,2,8,33,57,32,3,0,40,34,10,4,0,14,23,6,5,0,9,10,2,6,750,353.03,747.03,1008.29,7,9381.96,2085,10762.5,45768.82,8,0,0,18,2,9A,0,2.85,1.47,1.66,9B,0,2,1,1,9C,0,1,1,1,10A,86.04,14.99,20,66,10B,146.03,17.15,24.98,145.86,10C,171,30,25,150,10D,168,17,30,176,10E,13,51,175,16,10F,20,209,392,54,10G,3,8,36,4,10H,2075.37,2559.88,17638.49,3800,10I,15,56,160,45,Terry Fields,CFO
60255,9/30/2018,LUZORAIDA RODRIGUEZ,Area Manager,1112 W MAIN ST. SUITE G, ,MABANK,Tx,75156,0,9038870375,8552165757,0,1,14,22,2,89,2,15,26,2,96,3,2,23,0,4,4,2,10,0,4,5,0,4,0,0,6,523.33,355.76,850,819.88,7,11918.45,1882.5,425,112576.7,8,0,0,1,19,9A,1,2.3,0,1,9B,1,1,0,1,9C,1,1,0,1,10A,94.8,10,10,60,10B,154.14,15.23,16.36,140.39,10C,171,30,25,155.36,10D,168,19,30,172,10E,41,33,9,185,10F,34,149,7,172,10G,22,15,3,39,10H,14855.38,5590.82,1851.45,50536.22,10I,32,40,1,221,Terry Fields,CFO
60191,9/30/2018,CLOSED TX,Area Manager,1114 SOUTH 14TH STREET, ,KINGSVILLE,Tx,78363,0,3615950670,8669567565,0,1,0,0,0,0,2,0,0,0,0,3,0,0,0,0,4,0,0,0,0,5,0,0,0,0,6,0,0,0,0,7,0,0,0,0,8,0,0,0,0,9A,0,0,0,0,9B,0,0,0,0,9C,0,0,0,0,10A,0,0,0,0,10B,0,0,0,0,10C,0,0,0,0,10D,0,0,0,0,10E,0,0,0,4,10F,0,0,0,0,10G,0,0,0,0,10H,0,0,0,0,10I,0,0,0,0,Terry Fields,CFO
60184,9/30/2018,LUZORAIDA RODRIGUEZ,Area Manager,5808 HIGHWAY 78, ,SACHSE,Tx,75048,0,9726751618,8552165758,0,1,2,25,0,36,2,2,30,0,37,3,0,39,0,9,4,0,15,0,6,5,0,11,0,2,6,875,458.33,0,1975.67,7,2574.23,2582.5,0,88800.33,8,0,0,2,4,9A,0,2.6,0,1.5,9B,0,2,0,1,9C,0,2,0,1,10A,146.96,10,20,66,10B,148.87,15.99,21.25,130.33,10C,152.4,30,25,150,10D,161,16,30,179,10E,3,35,8,133,10F,3,186,4,108,10G,0,13,1,30,10H,0,5172.58,900,44812.61,10I,4,40,3,126,Terry Fields,CFO
60167,9/30/2018,DAWN PARKER,Area Manager,800 N LOOP 340, ,WACO,Tx,76705,0,2548679500,8335014696,0,1,7,47,81,25,2,7,52,85,25,3,2,40,75,7,4,2,16,41,6,5,0,9,19,1,6,535.71,419.23,627.56,1659.26,7,5880.29,4694.5,12960,57500.66,8,0,0,5,10,9A,1,2.5,1.82,1.16,9B,1,2,1,1,9C,1,1,1,1,10A,73.15,10,20,108,10B,151.65,18.43,24.79,142.82,10C,171,30,25,150,10D,163,18,30,179,10E,11,23,88,105,10F,13,171,344,107,10G,7,10,26,14,10H,4338.17,2338.44,12351.59,10828.47,10I,11,57,137,104,Terry Fields,CFO
60073,9/30/2018,MIKE BRADSHAW,Area Manager,1230 FM 1462 RD, ,ALVIN,Tx,77511,0,2815859922,8332281232,0,1,2,27,42,1,2,2,30,42,1,3,0,71,35,0,4,0,20,17,0,5,0,14,9,0,6,300,418.33,1716.92,4900,7,684,2355,14428,4410,8,0,0,6,0,9A,0,3.55,2.05,0,9B,0,2,2,0,9C,0,1,1,0,10A,68.4,10,10,87,10B,133,16.53,23.29,138.82,10C,171,30,30,150,10D,140,16,30,177,10E,2,30,81,16,10F,3,249,322,11,10G,0,16,16,2,10H,0,4267.73,16831.02,1591.43,10I,3,40,100,15,Terry Fields,CFO
60076,9/30/2018,ELICHA SERRATO,Area Manager,503 NORTH FRAZIER ST., ,CONROE,Tx,77301,0,9365395080,8552165397,0,1,12,27,54,13,2,12,31,58,14,3,1,44,63,3,4,1,18,30,2,5,0,12,15,1,6,829.16,280.64,1797.13,1062.59,7,11394.85,1485,23070.5,22574.99,8,0,0,10,0,9A,1,2.44,2.1,1.5,9B,1,2,1,1,9C,1,1,1,1,10A,71.66,9.99,7.6,60,10B,112.88,14.46,23.07,139.43,10C,151.05,30,30,150,10D,160,17,30,176,10E,6,58,136,4,10F,13,295,403,22,10G,5,21,32,1,10H,3120.88,6573.58,48486.18,1000,10I,12,59,149,16,Terry Fields,CFO
60066,9/30/2018,NANCY FRANCO,Area Manager,803 SE 1ST STREET, ,MINERAL WELLS,Tx,76067,0,9403255577,8007976908,0,1,4,38,39,26,2,4,39,40,26,3,5,35,21,9,4,2,21,15,7,5,1,9,5,1,6,487.5,485.89,914.22,863.77,7,2693.77,4650,9350,33544.63,8,0,0,1,6,9A,2.5,1.66,1.4,1.28,9B,2,1,1,1,9C,1,1,1,1,10A,71.66,14.99,24.99,59.67,10B,116.56,22.14,25,144.67,10C,171,30,25,152.68,10D,132,23,30,177,10E,18,61,24,133,10F,14,210,85,108,10G,6,17,12,22,10H,3850.51,5921.67,10258.7,16492.33,10I,13,68,40,136,Terry Fields,CFO
60168,9/30/2018,LUZORAIDA RODRIGUEZ,Area Manager,1009 SOUTH GOLIAD STREET, ,ROCKWALL,Tx,75087,0,2147714345,8552165932,0,1,6,18,17,8,2,6,21,18,9,3,1,23,11,0,4,1,10,9,0,5,0,7,2,0,6,725,421.42,1911.11,988.88,7,6461.82,1725,6910,12618.33,8,0,0,2,1,9A,1,2.3,1.22,0,9B,1,2,1,1,9C,1,2,1,1,10A,124.29,10,12,60,10B,152.35,16.87,23.3,144.46,10C,171,30,25,150,10D,167,16,30,178,10E,3,35,58,19,10F,8,168,123,27,10G,3,20,15,4,10H,2704.49,6580.37,29991.96,5393.44,10I,6,29,43,30,Terry Fields,CFO
60087,9/30/2018,CLOSED TX,Area Manager,6001 WATAUGA ROAD, ,FORT WORTH,Tx,76148,0,8174855800,8335014719,0,1,0,0,0,0,2,0,0,0,0,3,0,0,0,0,4,0,0,0,0,5,0,0,0,0,6,0,0,0,0,7,0,0,0,0,8,0,0,1,1,9A,0,0,0,0,9B,0,0,0,0,9C,0,0,0,0,10A,0,0,0,0,10B,0,0,0,0,10C,0,0,0,0,10D,0,0,0,0,10E,0,0,0,0,10F,0,0,0,0,10G,0,0,0,0,10H,0,0,0,0,10I,0,0,1,1,Terry Fields,CFO
66299,9/30/2018,ELICHA SERRATO,Area Manager,1801 SOUTH RICHEY STREET,,PASADENA,Tx,77502,0,7135340403,8552165391,0,1,5,37,50,0,2,5,37,53,0,3,0,62,45,0,4,0,24,27,0,5,0,15,13,0,6,460,327.02,1153.88,0,7,2868.15,2167.5,12673.5,0,8,0,0,10,2,9A,0,2.58,1.66,0,9B,1,2,1,0,9C,1,1,1,0,10A,67.45,10,9.9,108,10B,123.24,15.39,22.31,129,10C,171,30,30,150,10D,157,17,30,180,10E,8,64,144,8,10F,8,318,388,4,10G,1,15,30,1,10H,900,7365.78,28680.73,1001.77,10I,12,70,143,5,Terry Fields,CFO
60134,9/30/2018,MIKE BRADSHAW,Area Manager,12240 MURPHY RD. SUITE Q, ,STAFFORD,Tx,77477,0,2814499366,8332281238,0,1,20,49,37,0,2,20,54,38,0,3,3,109,30,0,4,3,29,14,0,5,0,24,8,0,6,700,402.77,1256.57,0,7,17937.74,4067.5,11679.5,0,8,0,0,7,0,9A,1,3.75,2.14,0,9B,1,3,2,0,9C,1,1,1,0,10A,40.67,14.96,12.5,75,10B,112.63,17.18,27.12,132.97,10C,171,30,30,150,10D,144,15,30,176,10E,16,60,47,16,10F,28,425,193,12,10G,9,30,13,7,10H,6587.56,9519.12,15812.86,7953.81,10I,26,71,65,10,Terry Fields,CFO
60125,9/30/2018,AMANDA JIMENEZ,Area Manager,1041 BUTTERNUT ST, ,ABILENE,Tx,79602,0,3256734100,8335014778,0,1,9,58,69,13,2,9,63,74,13,3,1,89,59,4,4,1,37,36,3,5,0,24,14,1,6,583.33,377.77,867.59,584.61,7,8333.7,3795,14048,10049.08,8,0,0,1,13,9A,1,2.4,1.63,1.33,9B,1,2,1,1,9C,1,1,1,1,10A,96,10,15,75,10B,154.09,17.87,22.07,124.37,10C,171,30,25,152.68,10D,170,17,30,173,10E,14,68,20,162,10F,17,336,168,95,10G,2,24,17,32,10H,1142.08,7211.05,14387.02,21659.94,10I,19,81,75,119,Terry Fields,CFO
60192,9/30/2018,RICHARD HELDMAN,Area Manager,3223 N STATE LINE AVE, ,TEXARKANA,Tx,75503,0,9037930324,8332281217,0,1,18,97,0,142,2,18,104,0,145,3,3,152,0,39,4,2,58,0,24,5,1,34,0,9,6,597.22,382.21,0,941.59,7,15857.02,7029,0,181094.79,8,0,0,1,41,9A,1.5,2.62,0,1.62,9B,1,2,0,1,9C,1,1,0,1,10A,76.2,10,7,56.83,10B,152.59,16.3,12.53,140.87,10C,171,30,25,155.36,10D,164,17,30,174,10E,50,147,5,418,10F,42,676,16,394,10G,7,35,0,63,10H,4331.14,12944.5,0,50885.13,10I,44,151,3,399,Terry Fields,CFO
60054,9/30/2018,FELIPE CASTILLO,Area Manager,2187 E. GARRISON ST, ,EAGLE PASS,Tx,78852,0,8307572600,8778073265,0,1,4,42,0,115,2,4,45,0,122,3,0,65,0,16,4,0,28,0,15,5,0,15,0,1,6,662.5,425.55,0,1106.55,7,2784.65,3277.5,0,173660.79,8,0,0,0,11,9A,0,2.32,0,1.06,9B,0,2,0,1,9C,0,1,0,1,10A,43.8,10,0,60,10B,96.4,15.93,0,137.8,10C,171,30,0,150,10D,157,16,0,179,10E,26,50,1,267,10F,27,279,0,263,10G,9,25,1,61,10H,6841.42,9888.05,3000,50614.49,10I,20,58,0,280,Terry Fields,CFO
60081,9/30/2018,KODI RADFORD,Area Manager,1115 NORTH MAIN STREET, ,VIDOR,Tx,77662,0,4097839600,8552165682,0,1,2,29,69,1,2,2,37,77,1,3,0,46,40,0,4,0,20,31,0,5,0,13,8,0,6,550,371.62,895.15,2500,7,1769.85,2312.5,15743.5,3750,8,0,0,14,1,9A,0,2.3,1.29,0,9B,0,2,1,0,9C,0,1,1,0,10A,155.12,14.99,12.5,99,10B,165.71,16.05,23.1,129.6,10C,171,30,25,150,10D,177,15,30,180,10E,7,43,202,6,10F,3,167,427,5,10G,1,27,58,1,10H,500,7192.03,50899.58,350,10I,7,40,193,7,Terry Fields,CFO
60034,9/30/2018,JESENIA RODRIGUEZ,Area Manager,201-203 EAST HIGHWAY 114,,LEVELLAND,Tx,79336,0,8068970788,8335014754,0,1,4,14,41,0,2,4,17,44,0,3,0,25,44,0,4,0,8,23,0,5,0,5,13,0,6,900,388.23,1130.21,0,7,4840.51,1387.5,10849.5,0,8,0,0,4,2,9A,0,3.12,1.91,0,9B,0,3,2,0,9C,0,1,1,0,10A,78.01,14.99,12,132.5,10B,134.46,16,23.79,148.46,10C,158.65,30,25,150,10D,146,16,30,178,10E,3,43,78,25,10F,4,229,250,13,10G,2,9,15,1,10H,550,3691.12,10907.97,579.74,10I,5,43,92,21,Terry Fields,CFO
60088,9/30/2018,MIKE BRADSHAW,Area Manager,6224 FM 1179,,BRYAN,Tx,77808,0,9797311408,8552165430,0,1,6,33,59,5,2,6,33,62,5,3,0,56,53,1,4,0,19,28,1,5,0,15,13,0,6,941.66,440.9,1185.48,1250,7,8727.79,2905,16635,7404.1,8,0,0,5,6,9A,0,2.94,1.89,1,9B,0,3,1,1,9C,0,4,1,1,10A,123.37,14.99,15,90.86,10B,146.78,17.49,24.63,139.18,10C,170.05,30,30,152.68,10D,160,17,30,172,10E,11,57,101,66,10F,8,313,345,25,10G,3,13,20,4,10H,2500.26,5183.58,20770.4,1663,10I,12,65,126,57,Terry Fields,CFO
63486,9/30/2018,AMANDA JIMENEZ,Area Manager,6035 LOOP 306 SOUTH, ,SAN ANGELO,Tx,76905,0,3257161737,8443712931,0,1,3,28,23,7,2,3,29,24,7,3,0,40,17,0,4,0,13,13,0,5,0,8,4,0,6,566.66,375.86,1004.16,1164.28,7,2460.68,1837.5,4574,12125.51,8,0,0,4,1,9A,0,3.07,1.3,0,9B,0,2,1,0,9C,0,1,1,0,10A,79.83,14.99,10,91.61,10B,101.84,17.3,23.51,143.6,10C,171,30,25,155.36,10D,136,15,30,168,10E,7,57,40,61,10F,8,215,86,27,10G,1,13,12,2,10H,509.52,3887.28,10950.72,688.78,10I,9,46,42,51,Terry Fields,CFO
60146,9/30/2018,RICHARD HELDMAN,Area Manager,2121 ESE LOOP 323, ,TYLER,Tx,75703,0,9035815537,8332281250,0,1,16,82,17,71,2,16,83,18,74,3,8,153,7,11,4,4,55,5,9,5,2,41,2,2,6,625,399.39,1419.97,1135.73,7,10806.08,5562.5,4631.5,102860.15,8,0,0,10,13,9A,2,2.78,1.4,1.22,9B,1,2,1,1,9C,1,2,1,1,10A,47.4,9.99,12.5,60,10B,100.74,16.82,21.95,122.92,10C,171,30,25,150,10D,164,16,30,178,10E,18,103,64,163,10F,34,589,75,205,10G,5,30,16,28,10H,2992.52,11696.61,20959.25,22612.22,10I,25,133,18,221,Terry Fields,CFO
60165,9/30/2018,RICHARD HELDMAN,Area Manager,1400 S JEFFERSON AVE, ,MOUNT PLEASANT,Tx,75455,0,9035759244,8332281251,0,1,4,28,40,9,2,4,30,43,9,3,0,45,32,4,4,0,18,18,2,5,0,11,8,2,6,812.5,376.66,1156.28,587.11,7,5541.35,1800,12953.5,9242.5,8,0,0,2,2,9A,0,2.5,1.77,2,9B,0,2,1,2,9C,0,1,1,2,10A,146.05,14.99,12.5,90,10B,161.97,18.03,24.19,139.64,10C,171,30,25,155.36,10D,173,17,30,177,10E,7,63,77,57,10F,7,272,214,38,10G,1,20,15,10,10H,705.13,6966.6,13006.51,11691.55,10I,8,63,87,45,Terry Fields,CFO
60232,9/30/2018,OLGA MARTINEZ,Area Manager,724 S. CENTRAL EXPRESSWAY, ,RICHARDSON,Tx,75080,0,9726641151,8332281245,0,1,13,137,28,22,2,15,150,35,23,3,2,161,32,0,4,2,64,17,0,5,0,38,7,0,6,636.66,454.66,867.14,1476.08,7,13226.7,11737.5,7527.5,42764.58,8,0,0,5,1,9A,1,2.51,1.88,0,9B,1,2,1,0,9C,1,1,1,0,10A,86.03,10,10,75,10B,136.58,15.89,23.41,142.3,10C,171,30,25,150,10D,167,15,30,176,10E,14,79,95,16,10F,22,616,305,29,10G,7,42,22,10,10H,4200,15769.85,17883.37,16729.78,10I,20,159,89,29,Terry Fields,CFO
60044,9/30/2018,CLOSED TX,Area Manager,8036 CAMP BOWIE WEST, ,FORT WORTH,Tx,76116,0,8175608700,8175608703,0,1,0,0,0,0,2,0,0,0,0,3,0,0,0,0,4,0,0,0,0,5,0,0,0,0,6,0,0,0,0,7,0,0,0,0,8,0,0,0,1,9A,0,0,0,0,9B,0,0,0,0,9C,0,0,0,0,10A,0,0,0,0,10B,0,0,0,0,10C,0,0,0,0,10D,0,0,0,0,10E,0,0,0,0,10F,0,0,0,0,10G,0,0,0,0,10H,0,0,0,0,10I,0,0,0,0,Terry Fields,CFO
60150,9/30/2018,FELIPE CASTILLO,Area Manager,4801 E US HIGHWAY 83, ,RIO GRANDE CITY,Tx,78582,0,9564870837,8335014659,0,1,9,14,2,41,2,9,15,2,41,3,0,28,0,7,4,0,8,0,4,5,0,7,0,3,6,572.22,340,900,1143.95,7,6764.1,840,450,63975,8,0,0,0,7,9A,0,3.5,0,1.75,9B,0,4,0,2,9C,0,4,0,2,10A,70.76,10,25,75,10B,109.84,17.92,25,143.7,10C,171,30,25,150,10D,167,17,30,180,10E,21,23,12,92,10F,22,101,7,89,10G,5,8,5,22,10H,4241.1,2607.13,2799.98,19611.36,10I,23,20,0,109,Terry Fields,CFO
63288,9/30/2018,ELICHA SERRATO,Area Manager,3422 FM 1960 ROAD WEST, ,HUMBLE,Tx,77338,0,2814434141,8552165437,0,1,12,57,30,0,2,14,67,33,0,3,3,101,42,0,4,2,37,19,0,5,1,23,11,0,6,775,388.05,1369.54,0,7,14627.49,5211,9269.5,0,8,0,0,5,1,9A,1.5,2.72,2.21,0,9B,1,2,2,0,9C,1,1,1,0,10A,61.69,10,8,104,10B,126.87,17.27,22.6,133.48,10C,171,30,30,150,10D,154,15,30,177,10E,21,70,98,9,10F,27,447,310,12,10G,10,28,20,0,10H,8871.58,8061.51,26685.69,0,10I,23,86,102,7,Terry Fields,CFO
60183,9/30/2018,NANCY FRANCO,Area Manager,3608 KELL BOULEVARD, ,WICHITA FALLS,Tx,76309,0,9406910758,8335014687,0,1,9,46,11,50,2,10,49,14,51,3,0,50,3,2,4,0,23,2,1,5,0,14,1,1,6,640,452.04,635.57,1049.72,7,10624.75,4117.5,1820,79949.73,8,0,0,0,15,9A,0,2.17,1.5,2,9B,0,2,1,2,9C,0,2,1,2,10A,152.4,14.99,15,90,10B,166.1,16.2,24.45,147.26,10C,171,30,25,153.57,10D,175,21,30,178,10E,7,74,11,130,10F,10,225,31,90,10G,4,15,7,21,10H,2416.95,5315.57,750,17307.16,10I,10,68,13,133,Terry Fields,CFO
60084,9/30/2018,MIKE BRADSHAW,Area Manager,4800 AVENUE H, ,ROSENBERG,Tx,77471,0,2812393888,8552165240,0,1,0,20,37,0,2,0,28,37,0,3,0,20,32,0,4,0,10,19,0,5,0,7,9,0,6,0,300,1204.05,0,7,0,1312.5,9892.5,0,8,0,0,4,0,9A,0,2,1.68,0,9B,0,2,1,0,9C,0,1,1,0,10A,134.36,10,9.9,78,10B,141.56,16.7,24.21,134.55,10C,148.77,30,30,150,10D,167,15,30,171,10E,6,42,78,14,10F,2,220,253,10,10G,1,18,14,1,10H,600,7097.54,19408.29,726.87,10I,4,44,92,13,Terry Fields,CFO
60112,9/30/2018,RICHARD HELDMAN,Area Manager,223 US HWY 80,,GLADEWATER,Tx,75647,0,9037596800,8332281253,0,1,6,23,67,1,2,7,27,69,1,3,0,36,82,0,4,0,13,42,0,5,0,12,24,0,6,600,300,1088.71,308.25,7,6023.5,1665,15043.84,750,8,0,0,10,1,9A,0,2.76,1.95,0,9B,0,2,2,0,9C,0,2,1,0,10A,70.76,10,6,63.2,10B,151.55,14.51,19.99,116.93,10C,171,30,25,150,10D,164,19,30,177,10E,17,32,127,30,10F,20,164,422,30,10G,5,5,31,2,10H,1691.68,1045.42,31540.08,7713.88,10I,17,42,148,28,Terry Fields,CFO
60187,9/30/2018,LUZORAIDA RODRIGUEZ,Area Manager,203 EAST ENNIS AVENUE, ,ENNIS,Tx,75119,0,9728753774,8552165761,0,1,11,29,56,7,2,11,33,59,7,3,0,57,50,1,4,0,21,27,1,5,0,13,16,0,6,790.9,507.57,920.52,850,7,12139.44,3577.5,13308,8744.27,8,0,0,11,7,9A,0,2.71,1.85,1,9B,0,2,2,1,9C,0,1,2,1,10A,84.99,10,12,72,10B,132.64,17.93,24.74,143.42,10C,171,30,25,152.68,10D,168,17,30,176,10E,19,40,132,73,10F,19,229,363,49,10G,6,11,24,7,10H,6052.64,5051.59,16273.16,7244.45,10I,24,48,134,63,Terry Fields,CFO
60194,9/30/2018,MIKE BRADSHAW,Area Manager,821 FM 1960 WEST,,HOUSTON,Tx,77090,0,2814449997,8552165404,0,1,7,42,39,13,2,7,43,40,15,3,0,49,27,3,4,0,22,18,3,5,0,13,6,0,6,757.14,281.39,1298.75,836.66,7,6851.4,2200,11174,18305.82,8,0,0,7,1,9A,0,2.22,1.5,1,9B,0,2,1,1,9C,0,1,1,1,10A,69.85,10,7.5,71.93,10B,104.73,15.57,23.49,142.27,10C,156.93,30,30,150,10D,157,17,30,177,10E,15,105,128,15,10F,15,464,275,52,10G,0,31,27,9,10H,0,7950.9,18220.42,6718.26,10I,17,90,96,45,Terry Fields,CFO
60060,9/30/2018,AMANDA JIMENEZ,Area Manager,2401 E 8TH STREET, ,ODESSA,Tx,79761,0,4323335800,8335014776,0,1,6,93,58,2,2,6,96,59,2,3,1,120,47,0,4,1,53,29,0,5,0,37,11,0,6,766.66,466.66,1512.62,1500,7,6919.96,6980.5,20674.25,4433.33,8,0,0,1,1,9A,1,2.26,1.62,0,9B,1,2,1,1,9C,1,2,1,1,10A,145.14,10,15,60,10B,151.93,15.17,24.22,137.97,10C,159.6,30,25,151.78,10D,165,17,30,175,10E,2,76,47,79,10F,9,414,158,45,10G,1,40,12,16,10H,750,17113.67,16288.78,12766.8,10I,6,109,79,58,Terry Fields,CFO
60242,9/30/2018,CLOSED TX,Area Manager,302 SOUTH CEDAR STREET, ,BORGER,Tx,79007,0,8062733500,8062733534,0,1,0,0,0,0,2,0,0,0,0,3,0,0,0,0,4,0,0,0,0,5,0,0,0,0,6,0,0,0,0,7,0,0,0,0,8,0,0,0,0,9A,0,0,0,0,9B,0,0,0,0,9C,0,0,0,0,10A,0,0,0,0,10B,0,0,0,0,10C,0,0,0,0,10D,0,0,0,0,10E,0,0,0,4,10F,0,0,0,0,10G,0,0,0,0,10H,0,0,0,0,10I,0,0,0,0,Terry Fields,CFO
60058,9/30/2018,ELICHA SERRATO,Area Manager,2710 RED BLUFF ROAD, ,PASADENA,Tx,77506,0,7134752513,8552165270,0,1,6,35,59,1,2,6,36,60,1,3,0,53,54,0,4,0,24,28,0,5,0,12,17,0,6,641.66,429.16,1303.33,1100.75,7,4108.96,2610,14422.5,1950,8,0,0,18,2,9A,0,2.2,1.92,0,9B,0,1,2,0,9C,0,1,1,0,10A,81.63,14.99,7.5,150,10B,112.73,18.43,22.11,150,10C,149.68,30,30,150,10D,164,17,30,180,10E,3,32,142,4,10F,6,197,444,2,10G,1,9,35,0,10H,500,3565.11,29076.82,0,10I,7,52,155,5,Terry Fields,CFO
60133,9/30/2018,FELIPE CASTILLO,Area Manager,810 N 77 SUNSHINE STRIP, ,HARLINGEN,Tx,78550,0,9564283180,8335014690,0,1,10,59,1,44,2,10,64,1,48,3,0,94,0,17,4,0,35,0,11,5,0,25,0,5,6,560,362.5,1300,1302.08,7,8293.7,4005,325,69184.66,8,0,0,0,0,9A,0,2.68,0,1.54,9B,0,2,0,1,9C,0,2,0,1,10A,111.33,9.99,25,60,10B,152.21,16.47,25,123.73,10C,171,30,25,150,10D,170,16,30,179,10E,26,84,8,122,10F,14,454,1,185,10G,9,23,1,37,10H,6387.42,5465.56,1300,37354.35,10I,23,104,0,127,Terry Fields,CFO
60064,9/30/2018,MIKE BRADSHAW,Area Manager,2206 N. FRY RD,,HOUSTON,Tx,77084,0,2816461491,8332281229,0,1,10,71,122,16,2,10,76,133,16,3,7,160,101,0,4,3,42,58,0,5,1,33,32,0,6,630,447.36,2062.56,3113.01,7,8372.11,5532,57519.25,57533.1,8,0,0,15,8,9A,2.33,3.8,1.74,0,9B,1,4,2,0,9C,1,4,1,0,10A,73.48,10,6.1,60,10B,133.14,15.63,23.55,140.98,10C,169.1,30,30,150,10D,164,14,30,176,10E,13,80,129,105,10F,21,528,534,82,10G,5,34,51,11,10H,3188.69,13186.14,92624.31,20173.72,10I,16,90,191,106,Terry Fields,CFO
60178,9/30/2018,DAWN PARKER,Area Manager,1000 SOUTH AUSTIN AVENUE, ,GEORGETOWN,Tx,78626,0,5128698263,8335014693,0,1,13,66,34,25,2,13,74,37,25,3,1,75,43,6,4,1,31,23,5,5,0,24,11,1,6,523.07,418.24,1737.83,1464,7,10053.23,5347.5,13140,48513,8,0,0,1,5,9A,1,2.41,1.86,1.2,9B,1,2,1,1,9C,1,2,1,1,10A,80.58,14.99,10.5,60,10B,129.97,16.38,23.33,125.21,10C,171,30,25,150,10D,170,15,30,179,10E,26,62,59,65,10F,31,379,217,102,10G,12,31,20,13,10H,9399.21,10955.43,36584.04,10795.13,10I,24,84,65,76,Terry Fields,CFO
63289,9/30/2018,MIKE BRADSHAW,Area Manager,202 NORTH MECHANIC STREET, ,EL CAMPO,Tx,77437,0,9795431535,8332281237,0,1,1,20,33,2,2,1,21,33,2,3,0,39,24,0,4,0,15,16,0,5,0,11,6,0,6,300,473.8,1151.34,1025,7,201.38,1792.5,8222,3051.66,8,0,0,6,5,9A,0,2.6,1.5,0,9B,0,2,1,0,9C,0,2,1,0,10A,67.13,10,7,67.92,10B,108.56,18.19,22.27,125.01,10C,150,30,30,153.57,10D,127,17,30,175,10E,8,50,75,39,10F,2,251,243,23,10G,2,9,9,5,10H,2120.25,2714.42,9616.62,5597.23,10I,7,55,88,36,Terry Fields,CFO
65081,9/30/2018,FELIPE CASTILLO,Area Manager,8270 FM 78, ,CONVERSE,Tx,78109,0,2106660548,8335014641,0,1,16,62,7,59,2,17,69,7,63,3,0,94,1,8,4,0,37,1,8,5,0,25,0,0,6,747.05,432.6,1571.42,1289.68,7,17978.71,4477.5,2247.5,103759.64,8,0,0,3,15,9A,0,2.54,1,1,9B,0,2,1,1,9C,0,1,1,1,10A,48.57,14.99,12,60,10B,130.98,15,23.23,128.88,10C,171,15,25,150,10D,148,17,30,179,10E,9,74,16,131,10F,19,360,13,120,10G,4,23,4,31,10H,2300,8176.46,5500,22703.78,10I,19,97,5,146,Terry Fields,CFO
60148,9/30/2018,CLOSED TX,Area Manager,10601 MARKET STREET, ,HOUSTON,Tx,77029,0,8327867489,8552165392,0,1,0,0,0,0,2,0,0,0,0,3,0,0,0,0,4,0,0,0,0,5,0,0,0,0,6,0,0,0,0,7,0,0,0,0,8,0,0,1,0,9A,0,0,0,0,9B,0,0,0,0,9C,0,0,0,0,10A,0,0,0,0,10B,0,0,0,0,10C,0,0,0,0,10D,0,0,0,0,10E,0,0,1,0,10F,0,0,0,0,10G,0,0,0,0,10H,0,0,0,0,10I,0,0,0,0,Terry Fields,CFO
60069,9/30/2018,FELIPE CASTILLO,Area Manager,4115 FREDRICKSBURG RD, ,SAN ANTONIO,Tx,78201,0,2107363969,8332281225,0,1,46,154,66,65,2,47,169,66,66,3,3,151,26,5,4,3,73,21,5,5,0,43,4,0,6,643.61,451.18,1493.38,1211.94,7,40176.1,14407.5,18414,99640.26,8,0,0,22,0,9A,1,2.06,1.23,1,9B,1,2,1,1,9C,1,1,1,1,10A,44.32,10,12,60,10B,133.37,18.58,22.38,133.04,10C,171,30,25,150,10D,165,17,30,179,10E,43,164,183,66,10F,58,679,287,226,10G,15,66,17,13,10H,7754.17,22376.38,9590.12,7697.16,10I,67,195,65,223,Terry Fields,CFO
60214,9/30/2018,ELICHA SERRATO,Area Manager,3112 PALMER HIGHWAY, ,TEXAS CITY,Tx,77590,0,4099434017,8552165279,0,1,16,71,4,111,2,16,78,4,114,3,1,109,1,23,4,1,35,1,16,5,0,22,0,4,6,662.5,401.28,1150,1148.49,7,13908.08,5895,974,161093.34,8,0,0,16,10,9A,1,3.11,1,1.43,9B,1,2,1,1,9C,1,1,1,1,10A,70.76,10,7,59.8,10B,116.11,16.88,14.22,130.63,10C,171,30,25,150,10D,166,16,30,179,10E,25,133,82,211,10F,35,714,43,242,10G,8,34,8,44,10H,5949.63,11814.15,6761.95,51994.37,10I,31,146,21,289,Terry Fields,CFO
60061,9/30/2018,CLOSED TX,Area Manager,15505 NORTH IH 35, ,PFLUGERVILLE,Tx,78660,0,5126701090,8335014717,0,1,0,0,0,0,2,0,0,0,0,3,0,0,0,0,4,0,0,0,0,5,0,0,0,0,6,0,0,0,0,7,0,0,0,0,8,0,0,0,2,9A,0,0,0,0,9B,0,0,0,0,9C,0,0,0,0,10A,0,0,0,0,10B,0,0,0,0,10C,0,0,0,0,10D,0,0,0,0,10E,0,0,0,2,10F,0,0,0,0,10G,0,0,0,0,10H,0,0,0,0,10I,0,0,0,2,Terry Fields,CFO
60089,9/30/2018,ELICHA SERRATO,Area Manager,8000 FM 1960 ROAD EAST, ,HUMBLE,Tx,77346,0,2818128822,8552165389,0,1,4,42,38,4,2,4,47,40,4,3,0,59,31,3,4,0,23,20,1,5,0,13,8,1,6,650,489.36,2073.75,1625,7,3717.93,4245,16486.25,9543.73,8,0,0,7,0,9A,0,2.56,1.55,3,9B,0,2,1,3,9C,0,1,1,3,10A,67.13,10,12.5,143.75,10B,138.12,16.35,22.61,148.1,10C,171,30,30,150,10D,149,15,30,168,10E,4,29,65,3,10F,5,222,231,8,10G,1,25,22,0,10H,1200,9416.99,52079.05,0,10I,6,43,76,6,Terry Fields,CFO
60090,9/30/2018,RICHARD HELDMAN,Area Manager,110 MIDTOWN PLAZA SUITE 100,,KILGORE,Tx,75662,0,9039842581,8332281224,0,1,5,21,2,45,2,5,24,2,48,3,1,27,3,12,4,1,14,2,10,5,0,6,1,1,6,700,360.41,1200,1052.54,7,5479.1,1740,554,71796.17,8,0,0,2,5,9A,1,1.92,1.5,1.2,9B,1,1,1,1,9C,1,1,1,1,10A,73.5,10,10,60,10B,137.24,17.5,21.48,133.28,10C,171,30,25,152.68,10D,158,17,30,178,10E,7,37,42,67,10F,11,183,43,104,10G,0,12,10,14,10H,0,3567.68,15957.84,14333.29,10I,10,39,6,116,Terry Fields,CFO
63290,9/30/2018,FELIPE CASTILLO,Area Manager,1417 NORTH CONWAY AVENUE, ,MISSION,Tx,78572,0,9565191055,8335014758,0,1,6,29,55,7,2,6,33,57,7,3,1,54,53,2,4,1,20,27,2,5,0,15,15,0,6,558.33,351.51,1242.4,1250,7,3225.03,1890,15230,11463,8,0,0,2,0,9A,1,2.7,1.96,1,9B,1,2,2,1,9C,1,1,1,1,10A,83.95,14.99,15,75,10B,93.63,17.3,22.58,133.37,10C,157.84,30,25,150,10D,169,15,30,178,10E,18,51,63,22,10F,14,254,232,19,10G,4,17,13,6,10H,2918.78,6312.45,14168.33,2488.14,10I,19,49,98,23,Terry Fields,CFO
60049,9/30/2018,RICHARD HELDMAN,Area Manager,1615 NEW BOSTON ROAD, ,TEXARKANA,Tx,75501,0,9037923015,8332281249,0,1,5,67,2,50,2,5,76,2,51,3,0,76,2,21,4,0,36,1,15,5,0,19,1,4,6,710,324.34,1575,905.72,7,5440.94,5372.5,787.5,62741.79,8,0,0,1,13,9A,0,2.11,2,1.4,9B,0,2,2,1,9C,0,1,2,1,10A,110.67,10,20,60,10B,152.57,19.62,23.57,137.76,10C,171,30,25,151.78,10D,172,18,30,177,10E,15,109,5,200,10F,12,487,7,163,10G,5,30,2,31,10H,4084.54,9557.21,2304.29,24737.62,10I,12,114,4,189,Terry Fields,CFO
60124,9/30/2018,AMANDA JIMENEZ,Area Manager,3989 S 1ST STREET, ,ABILENE,Tx,79605,0,3256739700,8335014773,0,1,0,46,16,39,2,0,46,16,42,3,0,81,9,11,4,0,33,6,9,5,0,21,3,2,6,0,338.04,853.12,904.76,7,0,2745,3154.5,49059.57,8,0,0,0,11,9A,0,2.45,1.5,1.22,9B,0,2,1,1,9C,0,1,1,1,10A,83.95,14,18,60,10B,89.54,18.18,23.64,137.06,10C,96,30,25,151.78,10D,167,18,30,176,10E,5,61,0,138,10F,4,294,25,99,10G,0,14,2,25,10H,0,3295,950,32778.65,10I,4,75,9,138,Terry Fields,CFO
60132,9/30/2018,OLGA MARTINEZ,Area Manager,605-A W. MOORE AVE, ,TERRELL,Tx,75160,0,9725631745,8335014854,0,1,8,55,55,45,2,9,60,62,46,3,2,60,35,5,4,2,34,23,5,5,0,16,8,0,6,611.11,465,984.3,946.44,7,7976.87,6435,15228,64039.15,8,0,0,13,7,9A,1,1.76,1.52,1,9B,1,1,1,1,9C,1,1,1,1,10A,94.8,10,10,69,10B,148.42,20.94,24.55,144.66,10C,171,30,25,150,10D,169,19,30,178,10E,13,61,107,118,10F,20,286,256,89,10G,5,20,26,15,10H,3056.2,9136.39,32233.41,9791.47,10I,15,79,111,127,Terry Fields,CFO
60119,9/30/2018,AMANDA JIMENEZ,Area Manager,111 EARLY BOULEVARD, ,EARLY,Tx,76802,0,3256464200,8335014774,0,1,3,39,28,29,2,4,44,29,29,3,3,50,16,8,4,1,21,12,5,5,1,12,4,1,6,612.5,400,975.95,1008.62,7,3632.32,2955,6702.5,39070.05,8,0,0,1,8,9A,3,2.38,1.33,1.6,9B,3,2,1,1,9C,3,1,1,1,10A,71.25,14.99,17,60,10B,129.27,16.86,24.47,141.23,10C,171,30,25,150,10D,167,17,30,174,10E,18,53,5,100,10F,20,250,45,82,10G,6,19,8,20,10H,2719.37,6787.13,6046.14,22336.37,10I,13,60,22,104,Terry Fields,CFO
60185,9/30/2018,RICHARD HELDMAN,Area Manager,1300 EAST GRAND AVE, ,MARSHALL,Tx,75670,0,9039380200,8332281218,0,1,8,5,8,40,2,10,7,8,41,3,0,7,6,1,4,0,2,5,1,5,0,2,1,0,6,365,307.14,550,1308.53,7,5342.05,517.5,1100,66039.48,8,0,0,2,1,9A,0,3.5,1.2,1,9B,0,3,1,1,9C,0,3,1,1,10A,69.85,14.99,15,67.92,10B,146.63,17.47,23.56,139.85,10C,171,30,25,152.68,10D,156,16,30,172,10E,23,15,25,117,10F,13,79,64,82,10G,12,6,5,31,10H,7052.37,1298.21,1214.67,35313.97,10I,17,14,24,113,Terry Fields,CFO
60093,9/30/2018,MIKE BRADSHAW,Area Manager,634 DIXIE DR., ,CLUTE,Tx,77531,0,9792993086,8332281231,0,1,6,34,85,6,2,6,36,86,6,3,1,56,59,2,4,1,20,37,1,5,0,14,15,1,6,500,434.72,1294.36,1516.66,7,3413.9,2725,23053.75,13119.4,8,0,0,18,4,9A,1,2.8,1.59,2,9B,1,3,1,2,9C,1,1,1,2,10A,68.94,10,9.5,90,10B,107.26,16.74,24.05,140.91,10C,152.4,30,30,150,10D,165,17,30,177,10E,13,48,132,77,10F,20,284,379,51,10G,1,16,34,9,10H,500,6241.47,46317.14,14157.4,10I,18,61,167,63,Terry Fields,CFO
60040,9/30/2018,AMANDA JIMENEZ,Area Manager,2792 W. WASHINGTON STREET STE. B,,STEPHENVILLE,Tx,76401,0,2549187380,8009210672,0,1,11,15,3,15,2,11,17,3,15,3,0,9,0,1,4,0,7,0,1,5,0,2,0,0,6,386.36,379.41,666.66,1788.38,7,3994.44,1037.5,380,23753.19,8,0,0,0,0,9A,0,1.28,0,1,9B,0,1,0,1,9C,0,1,0,1,10A,39.9,14.99,18,60,10B,88.79,15.22,19.23,109.27,10C,166.25,30,20,150,10D,129,20,30,176,10E,3,44,5,61,10F,14,89,13,27,10G,4,23,3,11,10H,1664.21,5768.31,1827.67,19120.08,10I,10,18,4,54,Terry Fields,CFO
60186,9/30/2018,MIKE BRADSHAW,Area Manager,9400 HIGHWAY 6,,HOUSTON,Tx,77083,0,2817769900,8332281235,0,1,3,53,50,1,2,3,59,50,1,3,0,95,47,0,4,0,33,28,0,5,0,25,12,0,6,1016.66,349.15,1924,800,7,4749.23,3582.5,18058.25,1192.85,8,0,0,11,2,9A,0,2.87,1.67,0,9B,0,2,1,0,9C,0,2,1,0,10A,145.14,14.99,10,72,10B,154.96,16.73,22.91,127.4,10C,166.25,30,30,150,10D,166,15,30,172,10E,5,68,121,10,10F,4,363,326,6,10G,1,35,24,1,10H,700,9715.33,28094.61,1400,10I,6,67,125,11,Terry Fields,CFO
60094,9/30/2018,DAWN PARKER,Area Manager,140 SOUTH STATE HIGHWAY 46 SUITE 104, ,NEW BRAUNFELS,Tx,78130,0,8306253600,8778503932,0,1,9,48,37,21,2,9,56,37,23,3,1,78,20,1,4,1,32,13,1,5,0,22,5,0,6,572.22,454.46,1575.8,1985.78,7,6558.74,4357.5,13706.75,57839.01,8,0,0,6,4,9A,1,2.43,1.53,1,9B,1,2,1,1,9C,1,1,1,1,10A,102,10,11,59.67,10B,133.79,15.33,23.52,108.27,10C,162.45,30,25,151.79,10D,167,14,30,179,10E,7,69,67,74,10F,12,365,153,90,10G,3,32,15,10,10H,1990.59,14688.24,13026.56,14782.93,10I,12,81,63,86,Terry Fields,CFO
60121,9/30/2018,CLOSED TX,Area Manager,140 W. FM 1382 SUITE 190,,CEDAR HILL,Tx,75104,0,8178011561,8552165963,0,1,0,0,0,0,2,0,0,0,0,3,0,0,0,0,4,0,0,0,0,5,0,0,0,0,6,0,0,0,0,7,0,0,0,0,8,0,0,0,0,9A,0,0,0,0,9B,0,0,0,0,9C,0,0,0,0,10A,0,0,0,0,10B,0,0,0,0,10C,0,0,0,0,10D,0,0,0,0,10E,0,0,1,0,10F,0,0,0,0,10G,0,0,0,0,10H,0,0,0,0,10I,0,0,0,0,Terry Fields,CFO
60212,9/30/2018,KODI RADFORD,Area Manager,1314 NORTH MAIN STREET, ,LIBERTY,Tx,77575,0,9363362536,8552165453,0,1,10,10,0,47,2,11,12,0,48,3,2,27,0,1,4,1,7,0,1,5,1,5,0,0,6,431.81,325,0,1061.19,7,7016.98,630,0,62974.29,8,0,0,1,12,9A,2,3.85,0,1,9B,2,3,0,1,9C,2,1,0,1,10A,71.66,10,0,60,10B,150.49,13.57,0,127.98,10C,171,25,0,150,10D,162,16,0,173,10E,12,18,3,191,10F,17,112,0,135,10G,3,4,0,37,10H,1117.2,715.96,0,35648.96,10I,18,23,2,184,Terry Fields,CFO
60195,9/30/2018,JESENIA RODRIGUEZ,Area Manager,801 WEST 1ST STREET, ,HEREFORD,Tx,79045,0,8063644544,8335014765,0,1,7,26,57,3,2,7,30,62,3,3,0,32,40,0,4,0,15,28,0,5,0,6,9,0,6,435.71,310,1539.25,752.33,7,4139.02,1672.5,20207,3560.71,8,0,0,9,2,9A,0,2.13,1.42,0,9B,0,1,1,1,9C,0,1,1,1,10A,86.37,10,12.5,120,10B,131.06,16.84,23.87,148.68,10C,171,30,25,153.57,10D,173,16,30,179,10E,7,39,70,40,10F,9,168,223,20,10G,0,21,22,1,10H,0,6106.67,32530.14,1027.69,10I,12,35,99,38,Terry Fields,CFO
60228,9/30/2018,DAWN PARKER,Area Manager,3556 ALTERNATE 90,,SEGUIN,Tx,78155,0,8303860402,8663532741,0,1,7,44,0,59,2,7,51,0,60,3,1,52,0,15,4,1,22,0,8,5,0,13,0,6,6,428.57,437.25,0,1047.76,7,2633.13,4005,0,88834.64,8,0,0,1,13,9A,1,2.36,0,1.87,9B,1,2,0,2,9C,1,1,0,2,10A,83.95,10,0,90,10B,91.93,17.28,0,138.5,10C,120,30,0,152.68,10D,171,17,0,176,10E,17,54,3,152,10F,16,277,0,148,10G,5,27,0,32,10H,1369.35,8928.23,0,31074.32,10I,16,64,0,164,Terry Fields,CFO
60086,9/30/2018,DAWN PARKER,Area Manager,1703 E. MAIN ST., ,GATESVILLE,Tx,76528,0,2542480610,8335014715,0,1,10,15,3,28,2,13,16,3,28,3,2,16,2,4,4,1,8,2,3,5,1,5,0,1,6,661.53,478.12,616.66,826.78,7,11833.51,1732.5,462.5,33792.07,8,0,0,2,17,9A,2,2,1,1.33,9B,2,2,1,1,9C,2,1,1,1,10A,45.89,14.99,25,90,10B,122.99,20.81,25,140.88,10C,171,30,25,150,10D,162,21,30,177,10E,23,30,3,117,10F,27,116,5,70,10G,8,7,0,17,10H,6324.66,3581.3,0,15475.26,10I,22,34,4,112,Terry Fields,CFO
60083,9/30/2018,CLOSED TX,Area Manager,327 W. OCEAN BLVD,,LOS FRESNOS,Tx,78566,0,9565465265,8335014658,0,1,0,0,0,0,2,0,0,0,0,3,0,0,0,0,4,0,0,0,0,5,0,0,0,0,6,0,0,0,0,7,0,0,0,0,8,0,0,0,0,9A,0,0,0,0,9B,0,0,0,0,9C,0,0,0,0,10A,0,0,0,0,10B,0,0,0,0,10C,0,0,0,0,10D,0,0,0,0,10E,0,0,0,2,10F,0,0,0,0,10G,0,0,0,0,10H,0,0,0,0,10I,0,0,0,0,Terry Fields,CFO
60171,9/30/2018,OLGA MARTINEZ,Area Manager,6205 WESLEY STREET, ,GREENVILLE,Tx,75402,0,9034558008,8332281248,0,1,10,46,45,26,2,11,50,50,26,3,0,71,41,0,4,0,31,22,0,5,0,17,14,0,6,618.18,288,1062.77,1643.15,7,7587.48,2787.5,13057.5,54701.59,8,0,0,13,2,9A,0,2.29,1.86,0,9B,0,2,1,1,9C,0,1,1,1,10A,68.94,10,9,75,10B,110.47,16.25,23.67,136.74,10C,154.21,30,25,151.78,10D,147,17,30,176,10E,7,80,176,23,10F,13,412,477,42,10G,5,25,38,11,10H,2500,7515.48,37644.35,14367.53,10I,14,86,168,45,Terry Fields,CFO
60172,9/30/2018,LUZORAIDA RODRIGUEZ,Area Manager,1419 WEST 7TH AVENUE, ,CORSICANA,Tx,75110,0,9038750822,8552165759,0,1,3,45,67,0,2,3,51,75,0,3,1,61,74,0,4,1,30,42,0,5,0,15,18,0,6,516.66,313.72,812,0,7,1673.81,2938.5,11474.5,0,8,0,0,14,0,9A,1,2.03,1.76,0,9B,1,1,1,0,9C,1,1,1,0,10A,85.51,9.99,10,60,10B,102.43,16.21,19.98,89,10C,156.03,30,25,108,10D,167,19,30,180,10E,16,103,188,6,10F,11,473,541,6,10G,2,28,42,0,10H,1596.37,8144.41,34715.23,0,10I,15,110,200,6,Terry Fields,CFO
60105,9/30/2018,CLOSED TX,Area Manager,601 NORTH MAIN STREET, ,EULESS,Tx,76039,0,8172835400,8335014716,0,1,0,0,0,0,2,0,0,0,0,3,0,0,0,0,4,0,0,0,0,5,0,0,0,0,6,0,0,0,0,7,0,0,0,0,8,0,0,0,0,9A,0,0,0,0,9B,0,0,0,0,9C,0,0,0,0,10A,0,0,0,0,10B,0,0,0,0,10C,0,0,0,0,10D,0,0,0,0,10E,0,0,0,1,10F,0,0,0,0,10G,0,0,0,0,10H,0,0,0,0,10I,0,0,0,0,Terry Fields,CFO
60041,9/30/2018,FELIPE CASTILLO,Area Manager,1014 HWY. 181,,PORTLAND,Tx,78374,0,3619936200,8669568285,0,1,14,37,0,47,2,14,39,0,50,3,1,56,0,10,4,1,23,0,8,5,0,13,0,2,6,707.14,555.12,0,1859.04,7,12109.26,3457.5,0,108205.82,8,0,0,0,14,9A,1,2.43,0,1.25,9B,1,2,0,1,9C,1,1,0,1,10A,68.94,10,25,75,10B,107.45,17.97,25,141.99,10C,171,30,25,150,10D,157,18,30,179,10E,28,54,1,125,10F,37,269,2,124,10G,5,10,0,25,10H,4161.91,2967.56,0,41233.82,10I,34,64,1,133,Terry Fields,CFO
60103,9/30/2018,LUZORAIDA RODRIGUEZ,Area Manager,618 WEST CORSICANA STREET, ,ATHENS,Tx,75751,0,9036755844,8552165778,0,1,19,26,12,25,2,19,26,15,25,3,3,35,7,1,4,3,18,4,1,5,0,11,2,0,6,639.47,384.61,1130.43,1025.51,7,10874.96,1715,3298,35308.11,8,0,0,7,2,9A,1,1.94,1.75,1,9B,1,2,1,1,9C,1,2,1,1,10A,82.39,10,10,76.61,10B,89.06,16.74,23.62,140.44,10C,94.8,30,25,155.36,10D,170,17,30,175,10E,44,49,93,43,10F,65,228,177,53,10G,8,17,22,12,10H,5333.25,3746.9,18614.82,8693.83,10I,56,53,68,60,Terry Fields,CFO
60100,9/30/2018,OLGA MARTINEZ,Area Manager,1617 TEXOMA PKWY, ,SHERMAN,Tx,75090,0,9038923322,8556154342,0,1,6,33,30,8,2,6,40,31,8,3,0,44,27,1,4,0,17,20,1,5,0,13,7,0,6,616.66,391.25,688.7,856.25,7,3878.99,2622.5,5337.5,10175.53,8,0,0,5,2,9A,0,2.58,1.35,1,9B,1,2,1,1,9C,1,2,1,1,10A,70.3,10,10,130,10B,104.85,17.65,24.59,147.61,10C,146.05,30,25,153.57,10D,164,17,30,175,10E,14,62,75,29,10F,13,246,175,21,10G,6,26,23,7,10H,3961.63,7740.79,13316.78,6523.56,10I,13,60,66,27,Terry Fields,CFO
60233,9/30/2018,LUZORAIDA RODRIGUEZ,Area Manager,3405 N. BELTLINE RD, ,IRVING,Tx,75062,0,9725704238,8552165748,0,1,9,77,7,37,2,9,87,8,40,3,0,123,0,11,4,0,49,0,6,5,0,37,0,3,6,900,401.72,581.25,1177.5,7,11528.83,5640,1112.5,68926.77,8,0,0,2,8,9A,0,2.51,0,1.83,9B,0,2,0,1,9C,0,2,0,1,10A,78.01,10,20,90,10B,134.43,16.8,24.38,143.24,10C,171,30,25,150,10D,164,16,30,179,10E,21,56,3,128,10F,18,434,8,118,10G,5,33,2,25,10H,4130.32,10912.68,400,17172.84,10I,22,93,5,133,Terry Fields,CFO
60190,9/30/2018,LUZORAIDA RODRIGUEZ,Area Manager,2222 S. BOWEN RD,,ARLINGTON,Tx,76013,0,8177952100,8552165749,0,1,15,107,0,69,2,15,115,0,71,3,1,119,0,18,4,1,50,0,14,5,0,32,0,3,6,740,454.34,0,1356.33,7,16924.04,9465,0,131243.7,8,0,0,1,7,9A,1,2.38,0,1.28,9B,1,2,0,1,9C,1,1,0,1,10A,142.42,14.99,25,71.6,10B,155.58,17.05,25,146.28,10C,171,30,25,155.36,10D,168,15,30,179,10E,12,56,1,97,10F,25,519,2,189,10G,3,51,0,25,10H,3001.96,15413.5,0,28327.22,10I,26,111,1,177,Terry Fields,CFO
60043,9/30/2018,LUZORAIDA RODRIGUEZ,Area Manager,729 W AIRPORT FREEWAY, ,IRVING,Tx,75062,0,9722528268,8552165751,0,1,6,35,35,17,2,6,38,36,17,3,0,59,21,5,4,0,19,12,4,5,0,12,4,1,6,466.66,292.1,737.5,752.94,7,3770.28,1710,6512.5,18120,8,0,0,3,6,9A,0,3.1,1.75,1.25,9B,0,3,1,1,9C,0,1,1,1,10A,70.3,14.98,12.5,74.99,10B,128.29,15.85,24.2,146.53,10C,171,30,25,150,10D,144,14,30,180,10E,8,28,44,90,10F,12,212,87,159,10G,1,21,9,24,10H,1000,5303.15,3515.17,13417.28,10I,12,35,29,101,Terry Fields,CFO
60091,9/30/2018,FELIPE CASTILLO,Area Manager,319 S.10TH STREET, ,MCALLEN,Tx,78501,0,9566823400,8335014651,0,1,7,38,8,26,2,7,39,8,26,3,1,81,0,5,4,1,29,0,4,5,0,21,0,1,6,507.14,367.94,650,1090.38,7,4302.54,2625,1000,41383.33,8,0,0,0,4,9A,1,2.79,0,1.25,9B,1,2,0,1,9C,1,1,0,1,10A,83.74,14.98,15,75,10B,113,17.2,24,143.12,10C,156.03,30,25,150,10D,167,15,30,179,10E,14,44,12,87,10F,24,272,10,99,10G,1,15,4,16,10H,877.3,3584.75,3850,16460.39,10I,19,56,2,101,Terry Fields,CFO
60024,9/30/2018,AMANDA JIMENEZ,Area Manager,2406 SHERWOOD WAY,,SAN ANGELO,Tx,76901,0,3252243000,8335014779,0,1,29,0,0,0,2,31,0,0,0,3,2,0,0,0,4,2,0,0,0,5,0,0,0,0,6,562.9,0,0,0,7,26368.45,0,0,0,8,0,0,0,0,9A,1,0,0,0,9B,1,0,0,0,9C,1,0,0,0,10A,41.71,0,0,0,10B,128.77,0,0,0,10C,171,0,0,0,10D,163,0,0,0,10E,53,0,0,0,10F,56,0,0,0,10G,16,0,0,0,10H,10211.12,0,0,0,10I,55,0,0,0,Terry Fields,CFO
60177,9/30/2018,KODI RADFORD,Area Manager,3620 HIGHWAY 365 STE. 200, ,NEDERLAND,Tx,77627,0,4097221060,8552165528,0,1,2,17,27,0,2,2,19,28,0,3,1,15,15,0,4,1,7,9,0,5,0,5,5,0,6,500,423.68,1032.14,0,7,675.81,1642.5,7168.75,0,8,0,0,7,0,9A,1,2.14,1.66,0,9B,1,2,1,0,9C,1,2,1,0,10A,66.22,14.99,6,0,10B,70.45,17.89,22.95,0,10C,76.2,30,25,0,10D,77,17,30,0,10E,3,23,97,1,10F,3,109,233,0,10G,2,12,17,1,10H,1200,4341.2,23319.45,987.94,10I,2,26,96,0,Terry Fields,CFO
60022,9/30/2018,KODI RADFORD,Area Manager,375 NORTH MAIN STREET, ,LUMBERTON,Tx,77657,0,4097556060,8552165685,0,1,6,26,7,60,2,8,29,7,62,3,0,47,1,10,4,0,21,1,9,5,0,14,0,1,6,887.5,467.24,2050,807.54,7,8361.39,2347.5,2337.5,71769.55,8,0,0,13,2,9A,0,2.23,1,1.11,9B,0,2,1,1,9C,0,1,1,1,10A,94.8,14.99,7.5,75,10B,124.39,17.71,21.99,141.15,10C,171,30,25,150,10D,172,17,30,179,10E,11,70,180,1,10F,10,249,42,221,10G,6,22,13,22,10H,5498.12,11286.46,13265.38,24642.11,10I,10,60,24,165,Terry Fields,CFO
60236,9/30/2018,LUZORAIDA RODRIGUEZ,Area Manager,3535 NORTH BELT LINE ROAD, ,SUNNYVALE,Tx,75182,0,9722038400,8552165870,0,1,7,36,1,64,2,7,40,1,65,3,2,56,0,12,4,1,21,0,9,5,1,13,0,2,6,650,417.5,500,1183.84,7,5790.75,3390,125,112494.55,8,0,0,0,16,9A,2,2.66,0,1.33,9B,2,2,0,1,9C,2,1,0,1,10A,84.47,10,25,60,10B,105.29,17.92,25,136.64,10C,171,30,25,150,10D,171,17,30,179,10E,25,65,3,211,10F,23,308,6,189,10G,4,21,0,40,10H,2152.42,8882.28,0,36151.48,10I,27,68,2,207,Terry Fields,CFO
60193,9/30/2018,JESENIA RODRIGUEZ,Area Manager,4502 50TH STREET, ,LUBBOCK,Tx,79414,0,8067840500,8335014761,0,1,7,73,50,5,2,7,88,50,5,3,0,105,35,0,4,0,38,25,0,5,0,27,8,0,6,585.71,463.63,1029.47,1010,7,5494.99,6915,11474.5,6963.57,8,0,0,9,5,9A,0,2.76,1.4,0,9B,0,2,1,0,9C,0,1,1,0,10A,81.86,10,12.5,60,10B,116.49,15.51,24.05,142.56,10C,171,30,25,150,10D,168,16,30,173,10E,13,102,79,55,10F,10,472,227,25,10G,4,48,21,7,10H,2620.85,17337.7,21075.51,3968.15,10I,12,98,88,44,Terry Fields,CFO
60080,9/30/2018,KODI RADFORD,Area Manager,588 EAST GIBSON STREET,,JASPER,Tx,75951,0,4094891300,8552165747,0,1,8,17,85,5,2,8,17,90,5,3,2,25,68,0,4,2,9,42,0,5,0,5,19,0,6,625,514.7,960.5,1340,7,7835.24,1995,20258.5,9674.69,8,0,0,19,0,9A,1,2.77,1.61,0,9B,1,3,1,0,9C,1,1,1,0,10A,76.95,10,7.5,135.83,10B,144.66,19.88,23.9,143.57,10C,171,30,25,150,10D,155,20,30,170,10E,9,43,195,3,10F,14,174,477,5,10G,3,6,42,3,10H,2550,2635.77,33683.81,5578,10I,11,45,219,3,Terry Fields,CFO
60157,9/30/2018,DAWN PARKER,Area Manager,2041 SOUTH IH 35, ,SAN MARCOS,Tx,78666,0,5127388031,8335014637,0,1,11,90,0,63,2,11,101,0,67,3,2,124,0,12,4,2,55,0,12,5,0,33,0,0,6,654.54,410.89,0,1079.1,7,6160.24,7210,0,96702.74,8,0,0,0,14,9A,1,2.25,0,1,9B,1,2,0,1,9C,1,1,0,1,10A,43.8,14.98,0,59.67,10B,84.39,16.89,0,134.05,10C,171,25,0,150,10D,155,16,0,179,10E,14,95,1,166,10F,24,465,0,146,10G,6,46,0,43,10H,3768.02,13885.65,0,38906.77,10I,19,123,0,157,Terry Fields,CFO
60239,9/30/2018,ELICHA SERRATO,Area Manager,428 UVALDE ROAD, ,HOUSTON,Tx,77015,0,7134532597,8552165273,0,1,10,108,18,87,2,10,123,23,90,3,0,142,11,13,4,0,52,8,10,5,0,38,2,2,6,600,487.8,693.47,1419.9,7,7950.86,10642.5,4432.5,147721.94,8,0,0,9,11,9A,0,2.73,1.37,1.3,9B,0,2,1,1,9C,0,1,1,1,10A,68.94,10,7,57.2,10B,127.62,17.91,21.86,129.06,10C,171,30,30,150,10D,138,17,30,175,10E,10,132,115,178,10F,14,752,248,183,10G,0,52,16,39,10H,0,22385.51,7811.75,40079.19,10I,16,175,85,221,Terry Fields,CFO
60174,9/30/2018,OLGA MARTINEZ,Area Manager,201 N. GRAND AVENUE, ,GAINESVILLE,Tx,76240,0,9406122783,8332281239,0,1,6,56,56,9,2,6,68,64,9,3,0,52,50,0,4,0,24,26,0,5,0,15,15,0,6,783.33,396.32,1562.5,2544.44,7,5555.87,4192.5,21726.5,29647.91,8,0,0,9,3,9A,0,2.16,1.92,0,9B,0,2,2,0,9C,0,1,1,0,10A,83.95,10,12,98.36,10B,99.84,15.01,23.64,139.07,10C,157.84,30,25,154.46,10D,167,17,30,174,10E,25,52,88,58,10F,25,231,239,32,10G,9,31,29,9,10H,6783.2,10804.1,26613.9,11012.85,10I,22,56,101,49,Terry Fields,CFO
60077,9/30/2018,KODI RADFORD,Area Manager,617 N. TIMBERLAND DRIVE, ,LUFKIN,Tx,75901,0,9366370100,8552165393,0,1,5,27,44,0,2,5,28,50,0,3,1,30,35,0,4,1,16,19,0,5,0,9,12,0,6,650,466.07,847,0,7,4974.31,2479,10519.5,0,8,0,0,14,1,9A,1,1.87,1.84,0,9B,1,2,2,0,9C,1,1,2,0,10A,68.94,10,10,150,10B,138.28,18.68,24.65,150,10C,171,30,25,150,10D,149,19,30,168,10E,13,50,142,1,10F,13,209,361,1,10G,5,18,24,1,10H,3779.08,8873.52,24965.49,1228,10I,12,54,147,0,Terry Fields,CFO
60252,9/30/2018,CLOSED TX,Area Manager,2480 WEST PIONEER PARKWAY, ,GRAND PRAIRIE,Tx,75051,0,9726231200,8552165754,0,1,0,0,0,0,2,0,0,0,0,3,0,0,0,0,4,0,0,0,0,5,0,0,0,0,6,0,0,0,0,7,0,0,0,0,8,0,0,15,12,9A,0,0,0,0,9B,0,0,0,1,9C,0,0,0,1,10A,0,15,0,60,10B,0,15,0,120,10C,0,15,0,150,10D,0,14,0,180,10E,16,48,57,109,10F,0,1,0,3,10G,3,3,3,8,10H,2262.51,657.53,2279.03,5580.43,10I,4,0,6,55,Terry Fields,CFO
60222,9/30/2018,AMANDA JIMENEZ,Area Manager,1704 S. GREGG ST.,,BIG SPRING,Tx,79720,0,4322632220,8335014780,0,1,1,55,17,2,2,1,58,17,2,3,1,64,15,1,4,1,30,8,1,5,0,17,6,0,6,900,493.1,1713.41,1050,7,1539,4425,5075,3090,8,0,0,1,9,9A,1,2.13,1.87,1,9B,1,2,2,1,9C,1,1,2,1,10A,144,10,12.5,75,10B,162.01,14.92,21.83,133.52,10C,171,30,25,152.68,10D,177,22,30,179,10E,12,96,6,67,10F,8,330,41,34,10G,4,20,4,9,10H,3174.26,10278.96,3370.43,13275.77,10I,7,98,17,42,Terry Fields,CFO
60229,9/30/2018,DAWN PARKER,Area Manager,2522-A EAST US HIGHWAY 190,,COPPERAS COVE,Tx,76522,0,2545013681,8335014689,0,1,314,82,55,23,2,322,93,58,23,3,5,128,40,2,4,3,47,22,2,5,2,32,12,0,6,1013.5,444.08,704.1,2047.13,7,482703.54,7685,10237.5,54650.67,8,0,0,8,9,9A,1.66,2.72,1.81,1,9B,2,2,2,1,9C,2,1,1,1,10A,38.45,10,14.99,58.93,10B,139.73,17.74,24.67,117.48,10C,171,30,25,155.36,10D,161,22,30,177,10E,103,109,56,152,10F,365,497,215,128,10G,45,30,21,20,10H,37901.1,10664.17,12118.92,33033.52,10I,359,136,86,144,Terry Fields,CFO
60176,9/30/2018,FELIPE CASTILLO,Area Manager,1015 E UNIVERSITY DRIVE, ,EDINBURG,Tx,78539,0,9563815579,8335014655,0,1,21,52,0,43,2,24,59,0,44,3,2,78,0,15,4,2,34,0,12,5,0,20,0,3,6,572.91,350.84,0,896.59,7,11788.17,3630,0,54162.32,8,0,0,0,7,9A,1,2.29,0,1.25,9B,1,2,0,1,9C,1,1,0,1,10A,33.71,14.99,0,75,10B,86.08,17.91,0,140.45,10C,153.9,30,0,150,10D,153,16,0,179,10E,35,70,0,96,10F,49,340,0,108,10G,16,29,0,19,10H,8391.29,6293.57,0,19744.38,10I,41,75,0,108,Terry Fields,CFO
60246,9/30/2018,OLGA MARTINEZ,Area Manager,1304 SOUTH MCDONALD STREET, ,MC KINNEY,Tx,75069,0,4697420414,8332281246,0,1,8,96,63,7,2,9,104,65,7,3,0,105,37,0,4,0,45,23,0,5,0,28,11,0,6,822.22,403.84,1824.66,2687.75,7,10788.45,6770,22130.14,23408.99,8,0,0,7,2,9A,0,2.33,1.6,0,9B,0,2,1,0,9C,0,1,1,0,10A,67.45,9.99,9,60,10B,128.6,15.17,23.18,126.99,10C,171,30,25,150,10D,152,16,30,175,10E,10,74,144,15,10F,12,439,362,16,10G,7,42,30,5,10H,5400,12626.01,27560.44,6440.49,10I,12,116,147,18,Terry Fields,CFO
60126,9/30/2018,LUZORAIDA RODRIGUEZ,Area Manager,11931 ELAM RD. #101,,MESQUITE,Tx,75180,0,9725575787,8442872264,0,1,8,75,11,102,2,8,83,11,105,3,0,83,8,18,4,0,39,5,13,5,0,21,2,4,6,437.5,377.1,1127.27,879.52,7,4604.29,5580,2975,135461.92,8,0,0,14,6,9A,0,2.12,1.6,1.38,9B,0,2,1,1,9C,0,1,1,1,10A,68.03,14.98,11,66,10B,141.98,18.54,24.7,145.59,10C,169.1,30,25,155.36,10D,159,17,30,175,10E,32,106,181,157,10F,20,479,304,197,10G,9,38,23,23,10H,5676.84,12524.17,19276.02,23996.9,10I,25,119,119,227,Terry Fields,CFO
60074,9/30/2018,NANCY FRANCO,Area Manager,2607 JACKSBORO HWY, ,FORT WORTH,Tx,76114,0,8176265300,8009454394,0,1,8,60,53,4,2,8,69,56,4,3,0,85,57,0,4,0,35,30,0,5,0,28,18,0,6,606.25,313.76,841.86,1087.5,7,6235.83,3497.5,10520.5,6459.75,8,0,0,3,8,9A,0,2.42,1.9,0,9B,0,2,2,0,9C,0,2,1,0,10A,71.66,10,10,79,10B,116.85,16.56,23.87,132.64,10C,171,30,25,153.57,10D,163,15,30,175,10E,13,67,65,71,10F,17,351,265,69,10G,1,32,17,12,10H,200,8304.12,9145.77,11597.01,10I,19,74,92,62,Terry Fields,CFO
60237,9/30/2018,ELICHA SERRATO,Area Manager,1520 1ST STREET EAST, ,HUMBLE,Tx,77338,0,2814461235,8552165399,0,1,9,47,51,0,2,9,52,54,0,3,0,60,36,0,4,0,22,22,0,5,0,15,12,0,6,544.44,427.88,1645.7,0,7,4058.26,3692.5,17413.75,0,8,0,0,9,1,9A,0,2.72,1.63,0,9B,0,2,2,0,9C,0,1,1,0,10A,42.24,10,9,75,10B,86.89,15.89,22.25,111.4,10C,168.15,30,25,150,10D,147,15,30,175,10E,18,61,119,8,10F,23,318,317,12,10G,6,36,16,3,10H,4084.52,13914.41,14140.95,4885.7,10I,19,68,135,8,Terry Fields,CFO
60225,9/30/2018,JESENIA RODRIGUEZ,Area Manager,2702 34TH STREET, ,LUBBOCK,Tx,79410,0,8067974400,8447262832,0,1,5,65,61,0,2,5,73,68,0,3,0,62,62,0,4,0,28,32,0,5,0,16,17,0,6,510,365.06,910.52,0,7,3307.15,4380,15472.5,0,8,0,0,15,2,9A,0,2.21,1.93,0,9B,1,2,1,0,9C,1,1,1,0,10A,39.5,10,15,149.99,10B,114.21,17.21,24.94,150,10C,162.45,30,30,150,10D,141,17,30,178,10E,16,70,126,44,10F,6,357,396,21,10G,8,33,33,4,10H,4941.47,8869.76,28197.21,1672.45,10I,8,89,143,36,Terry Fields,CFO
60162,9/30/2018,MIKE BRADSHAW,Area Manager,2421 7TH STREET, ,BAY CITY,Tx,77414,0,9792456410,8332281236,0,1,2,23,53,3,2,2,23,53,3,3,0,40,49,0,4,0,19,30,0,5,0,11,15,0,6,750,315.21,1117.2,543.08,7,1697.59,1227.5,12852.25,2647.91,8,0,0,10,4,9A,0,2.1,1.63,0,9B,0,2,1,0,9C,0,1,1,0,10A,82.91,10,9,72,10B,102.19,17.82,22.01,133.13,10C,168.15,30,30,150,10D,170,16,30,177,10E,9,42,114,45,10F,9,181,309,19,10G,2,10,23,4,10H,1500,2356.02,27906.6,4699.1,10I,8,42,127,39,Terry Fields,CFO
60014,9/30/2018,MIKE BRADSHAW,Area Manager,25811 INTERSTATE 45 NORTH, ,SPRING,Tx,77380,0,2812920425,8552165432,0,1,2,27,22,32,2,2,33,28,33,3,1,39,20,7,4,1,16,13,4,5,0,10,4,2,6,775,448.48,1733.92,2880.3,7,1204.04,2484.5,9741,107961.96,8,0,0,2,9,9A,1,2.43,1.53,1.75,9B,1,2,1,1,9C,1,1,1,1,10A,70.76,10,9.5,59.67,10B,98.06,16.97,22.31,134.66,10C,147.86,30,30,155.36,10D,143,14,30,175,10E,4,30,20,97,10F,4,157,78,99,10G,2,29,10,27,10H,957.54,10669.95,7997.46,80168.35,10I,4,32,27,100,Terry Fields,CFO
60026,9/30/2018,JESENIA RODRIGUEZ,Area Manager,494 NORTH KENAZO AVENUE SUITE F-G,,EL PASO,Tx,79928,0,9158522378,8669568197,0,1,13,58,29,3,2,14,65,31,3,3,1,105,22,0,4,1,37,17,0,5,0,24,4,0,6,607.14,422.3,1115.32,3033.33,7,11710.54,4582.5,7090,7321.66,8,0,0,3,5,9A,1,2.83,1.29,0,9B,1,2,1,0,9C,1,1,1,0,10A,67.13,10,10,72.08,10B,139.11,15.71,24.3,142.97,10C,171,30,30,150,10D,156,16,30,178,10E,18,72,37,58,10F,19,383,124,45,10G,6,31,10,6,10H,4038.5,10495.91,13060.83,3804.76,10I,22,84,52,51,Terry Fields,CFO
60202,9/30/2018,MIKE BRADSHAW,Area Manager,1820 1ST ST., ,ROSENBERG,Tx,77471,0,8325951537,8332281228,0,1,6,37,41,9,2,7,41,41,9,3,0,69,37,0,4,0,26,21,0,5,0,18,9,0,6,721.42,325.6,1412.15,1600,7,5229.19,2530.5,12556.5,16073.67,8,0,0,5,1,9A,0,2.65,1.76,0,9B,0,3,1,2,9C,0,1,1,2,10A,40.67,10,13,63,10B,93.56,17.51,24.65,134.23,10C,154.21,30,30,155.36,10D,162,16,30,174,10E,9,51,79,34,10F,15,296,262,27,10G,7,16,20,5,10H,4500,3157.15,29709.56,23052.45,10I,9,60,86,36,Terry Fields,CFO
60240,9/30/2018,RICHARD HELDMAN,Area Manager,1151 S BROADWAY STREET, ,SULPHUR SPRINGS,Tx,75482,0,9034380356,8332281221,0,1,0,0,0,0,2,0,0,0,0,3,0,0,0,0,4,0,0,0,0,5,0,0,0,0,6,0,0,0,0,7,0,0,0,0,8,0,0,0,1,9A,0,0,0,0,9B,0,0,0,0,9C,0,0,0,0,10A,0,0,0,0,10B,0,0,0,0,10C,0,0,0,0,10D,0,0,0,0,10E,4,0,0,9,10F,0,0,0,0,10G,2,0,0,1,10H,850,0,0,4950,10I,0,0,0,1,Terry Fields,CFO
60243,9/30/2018,OLGA MARTINEZ,Area Manager,1183 SOUTH MILL STREET, ,LEWISVILLE,Tx,75057,0,9724200707,8332281247,0,1,5,75,55,0,2,6,83,62,0,3,2,111,45,0,4,1,40,28,0,5,1,24,12,0,6,650,368.07,1575.8,0,7,4541.8,5371.5,19216,0,8,0,0,13,1,9A,2,2.77,1.6,0,9B,2,2,1,1,9C,2,1,1,1,10A,75.29,10,7.5,75,10B,98.03,16.04,23.3,113,10C,153.31,30,30,150,10D,160,14,30,178,10E,9,69,104,21,10F,12,397,280,9,10G,4,53,36,2,10H,2900,16267.13,38308.46,2274.51,10I,9,83,111,18,Terry Fields,CFO
60149,9/30/2018,KODI RADFORD,Area Manager,502 WEST SOUTHLINE STREET, ,CLEVELAND,Tx,77327,0,2815928500,8552165692,0,1,8,43,12,74,2,8,53,13,76,3,1,49,4,19,4,1,25,3,15,5,0,16,1,3,6,493.75,327.35,510.24,1187.91,7,5449.79,3315,1832.5,129363.29,8,0,0,3,25,9A,1,1.96,1.33,1.26,9B,1,2,1,1,9C,1,2,1,1,10A,43.8,10,13.5,60,10B,110.58,18.41,23.35,143.06,10C,171,30,25,150,10D,161,17,30,179,10E,51,42,18,241,10F,40,216,23,195,10G,9,28,7,44,10H,5140.73,9675.12,5750,43152.39,10I,37,56,8,224,Terry Fields,CFO
60155,9/30/2018,RICHARD HELDMAN,Area Manager,320 WEST PALESTINE AVENUE, ,PALESTINE,Tx,75801,0,9037238654,8552165406,0,1,2,45,42,28,2,2,47,44,28,3,3,33,26,2,4,1,15,18,2,5,1,10,5,0,6,750,434.04,818.11,751.78,7,2040.6,4910,7469.75,27641.48,8,0,0,9,7,9A,3,2.2,1.44,1,9B,3,2,1,1,9C,3,1,1,1,10A,107.4,10,7.5,72,10B,142.51,22.28,20.44,125.42,10C,155.13,30,25,150,10D,179,24,30,178,10E,7,57,55,112,10F,5,202,110,133,10G,3,14,13,16,10H,2000,4958.96,10129.49,14930.76,10I,3,77,34,144,Terry Fields,CFO
60258,9/30/2018,JESENIA RODRIGUEZ,Area Manager,11980 SOCORRO RD STE C,,SAN ELIZARIO,Tx,79849,0,9158516362,8669567383,0,1,8,20,24,8,2,8,23,24,10,3,3,31,10,3,4,1,11,9,3,5,1,9,1,0,6,587.5,328.26,1050,1150,7,5116.33,1247.5,5820,15171,8,0,0,1,4,9A,3,2.81,1.11,1,9B,3,2,1,1,9C,3,2,1,1,10A,84.99,10,18,75,10B,99.16,16.83,24.77,146.75,10C,159.6,30,30,150,10D,168,16,30,180,10E,19,35,35,63,10F,19,171,82,71,10G,4,11,10,7,10H,1628.64,2504.5,7041.26,9654.88,10I,22,37,32,72,Terry Fields,CFO
60047,9/30/2018,CLOSED TX,Area Manager,12415 BANDERA RD STE 118,,HELOTES,Tx,78023,0,2108074567,8335014629,0,1,0,0,0,0,2,0,0,0,0,3,0,0,0,0,4,0,0,0,0,5,0,0,0,0,6,0,0,0,0,7,0,0,0,0,8,0,0,0,0,9A,0,0,0,0,9B,0,0,0,0,9C,0,0,0,0,10A,0,0,0,0,10B,0,0,0,0,10C,0,0,0,0,10D,0,0,0,0,10E,0,0,0,1,10F,0,0,0,0,10G,0,0,0,0,10H,0,0,0,0,10I,0,0,0,0,Terry Fields,CFO
