59874,2019-03-31,Amanda Logan,Corporate Counsel,15 Bull Street,#200,Savannah,Ga,31401,2685,9125032826,8665914638,0,1,0,0,0,170,2,0,0,0,173,3,0,0,0,0,4,0,0,0,0,5,0,0,0,0,6,0,0,0,1223.808324,7,0,0,0,230336.56,8,0,0,0,31,9A,0,0,0,0,9B,0,0,0,0,9C,0,0,0,0,10A,0,0,0,49.3499,10B,0,0,0,91.7115,10C,0,0,0,226.416,10D,0,0,,150,10E,0,0,0,488,10F,0,0,0,275,10G,0,0,0,26,10H,0,0,0,23857.37,10I,0,0,0,422,TracyYoung,CEO
59875,2019-03-31,Amanda Logan,Corporate Counsel,15 Bull Street,#200,Savannah,Ga,31401,2685,9125032826,8665914638,0,1,0,0,0,187,2,0,0,0,197,3,0,0,0,0,4,0,0,0,0,5,0,0,0,0,6,0,0,0,1145.383756,7,0,0,0,226140.98,8,0,0,0,23,9A,0,0,0,0,9B,0,0,0,0,9C,0,0,0,0,10A,0,0,0,50.0075,10B,0,0,0,87.6922,10C,0,0,0,243.86,10D,0,0,,150,10E,0,0,0,482,10F,0,0,0,293,10G,0,0,0,38,10H,0,0,0,35088.09,10I,0,0,0,454,TracyYoung,CEO
59877,2019-03-31,Amanda Logan,Corporate Counsel,15 Bull Street,#200,Savannah,Ga,31401,2685,9125032826,8665914638,0,1,0,0,211,12,2,0,0,258,12,3,0,0,208,0,4,0,0,117,0,5,0,0,63,0,6,0,0,1558.688301,512.5,7,0,0,455559.25,12352.46,8,0,0,52,0,9A,0,0,1.65812,0,9B,0,0,2.5,0,9C,0,0,1,0,10A,0,0,1.9893,186.54,10B,0,0,13.7921,199.5966,10C,0,0,20.955,213.6,10D,0,0,30,150,10E,0,0,705,23,10F,0,0,1694,12,10G,0,0,129,1,10H,0,0,172563.33,500,10I,0,0,639,23,TracyYoung,CEO
59878,2019-03-31,Amanda Logan,Corporate Counsel,15 Bull Street,#200,Savannah,Ga,31401,2685,9125032826,8665914638,0,1,0,0,0,171,2,0,0,0,179,3,0,0,0,0,4,0,0,0,0,5,0,0,0,0,6,0,0,0,1448.418101,7,0,0,0,269466.52,8,0,0,0,44,9A,0,0,0,1,9B,0,0,0,1,9C,0,0,0,1,10A,0,0,0,45.8848,10B,0,0,0,78.6159,10C,0,0,0,247.4196,10D,0,0,,150,10E,0,0,0,610,10F,0,0,0,317,10G,0,0,0,55,10H,0,0,0,55310.64,10I,0,0,0,484,TracyYoung,CEO
59881,2019-03-31,Amanda Logan,Corporate Counsel,15 Bull Street,#200,Savannah,Ga,31401,2685,9125032826,8665914638,0,1,0,0,0,61,2,0,0,0,63,3,0,0,0,0,4,0,0,0,0,5,0,0,0,0,6,0,0,0,1376.861719,7,0,0,0,84888.7,8,0,0,0,18,9A,0,0,0,0,9B,0,0,0,0,9C,0,0,0,0,10A,0,0,0,53.5749,10B,0,0,0,77.9789,10C,0,0,0,205.0533,10D,0,0,,150,10E,0,0,0,234,10F,0,0,0,108,10G,0,0,0,15,10H,0,0,0,10725.59,10I,0,0,0,184,TracyYoung,CEO
59884,2019-03-31,Amanda Logan,Corporate Counsel,15 Bull Street,#200,Savannah,Ga,31401,2685,9125032826,8665914638,0,1,0,0,0,148,2,0,0,0,151,3,0,0,0,0,4,0,0,0,0,5,0,0,0,0,6,0,0,0,1389.171391,7,0,0,0,310615.08,8,0,0,2,18,9A,0,0,0,0,9B,0,0,0,0,9C,0,0,0,0,10A,0,0,0,44.2487,10B,0,0,0,79.1571,10C,0,0,0,265.22,10D,0,0,,150,10E,0,0,0,744,10F,0,0,0,326,10G,0,0,0,54,10H,0,0,0,75137.74,10I,0,0,0,577,TracyYoung,CEO
59885,2019-03-31,Amanda Logan,Corporate Counsel,15 Bull Street,#200,Savannah,Ga,31401,2685,9125032826,8665914638,0,1,0,0,114,8,2,0,0,143,9,3,0,0,119,0,4,0,0,68,0,5,0,0,37,0,6,0,0,1787.069444,577.777778,7,0,0,197372.57,10847.65,8,0,0,10,0,9A,0,0,1.731343,0,9B,0,0,3,0,9C,0,0,3,0,10A,0,0,0.9896,189.39,10B,0,0,13.3743,205.5298,10C,0,0,19.4725,226.416,10D,0,0,30,150,10E,0,0,274,12,10F,0,0,726,9,10G,0,0,47,4,10H,0,0,95765.77,1300,10I,0,0,275,12,TracyYoung,CEO
59888,2019-03-31,Amanda Logan,Corporate Counsel,15 Bull Street,#200,Savannah,Ga,31401,2685,9125032826,8665914638,0,1,0,0,196,10,2,0,0,228,13,3,0,0,178,0,4,0,0,102,0,5,0,0,59,0,6,0,0,1793.458603,442.307692,7,0,0,376505.21,14923.65,8,0,0,56,0,9A,0,0,1.636364,0,9B,0,0,2.5,0,9C,0,0,2,0,10A,0,0,6.9899,98.9677,10B,0,0,13.1876,181.6689,10C,0,0,20.1852,220.72,10D,0,0,30,150,10E,0,0,551,22,10F,0,0,1335,15,10G,0,0,86,6,10H,0,0,178106.44,3314.31,10I,0,0,519,15,TracyYoung,CEO
59889,2019-03-31,Amanda Logan,Corporate Counsel,15 Bull Street,#200,Savannah,Ga,31401,2685,9125032826,8665914638,0,1,0,0,161,4,2,0,0,210,5,3,0,0,153,0,4,0,0,89,0,5,0,0,44,0,6,0,0,1933.683143,700,7,0,0,359769.51,7932.39,8,0,0,40,0,9A,0,0,1.62069,0,9B,0,0,3,0,9C,0,0,1,0,10A,0,0,0.0008,193.664,10B,0,0,13.828,198.7904,10C,0,0,23.92,203.6318,10D,0,0,30,150,10E,0,0,480,10,10F,0,0,1165,5,10G,0,0,94,2,10H,0,0,208517.61,1400,10I,0,0,440,11,TracyYoung,CEO
59891,2019-03-31,Amanda Logan,Corporate Counsel,15 Bull Street,#200,Savannah,Ga,31401,2685,9125032826,8665914638,0,1,0,0,0,78,2,0,0,0,82,3,0,0,0,0,4,0,0,0,0,5,0,0,0,0,6,0,0,0,1190.680976,7,0,0,0,119010.14,8,0,0,0,17,9A,0,0,0,1,9B,0,0,0,1,9C,0,0,0,1,10A,0,0,0,49.8555,10B,0,0,0,82.0797,10C,0,0,0,215.0232,10D,0,0,,150,10E,0,0,0,266,10F,0,0,0,153,10G,0,0,0,19,10H,0,0,0,16283.51,10I,0,0,0,218,TracyYoung,CEO
59892,2019-03-31,Amanda Logan,Corporate Counsel,15 Bull Street,#200,Savannah,Ga,31401,2685,9125032826,8665914638,0,1,0,0,0,76,2,0,0,0,77,3,0,0,0,0,4,0,0,0,0,5,0,0,0,0,6,0,0,0,1301.150649,7,0,0,0,98843.43,8,0,0,0,23,9A,0,0,0,0,9B,0,0,0,0,9C,0,0,0,0,10A,0,0,0,54.2354,10B,0,0,0,90.5747,10C,0,0,0,275.8981,10D,0,0,,150,10E,0,0,0,223,10F,0,0,0,115,10G,0,0,0,17,10H,0,0,0,20633.87,10I,0,0,0,184,TracyYoung,CEO
59893,2019-03-31,Amanda Logan,Corporate Counsel,15 Bull Street,#200,Savannah,Ga,31401,2685,9125032826,8665914638,0,1,0,0,0,156,2,0,0,0,159,3,0,0,0,0,4,0,0,0,0,5,0,0,0,0,6,0,0,0,1249.663851,7,0,0,0,200344.59,8,0,0,0,31,9A,0,0,0,1,9B,0,0,0,1,9C,0,0,0,1,10A,0,0,0,49.1262,10B,0,0,0,76.6544,10C,0,0,0,238.52,10D,0,0,,150,10E,0,0,0,428,10F,0,0,0,276,10G,0,0,0,34,10H,0,0,0,34664.08,10I,0,0,0,406,TracyYoung,CEO
59894,2019-03-31,Amanda Logan,Corporate Counsel,15 Bull Street,#200,Savannah,Ga,31401,2685,9125032826,8665914638,0,1,0,0,0,141,2,0,0,0,147,3,0,0,0,0,4,0,0,0,0,5,0,0,0,0,6,0,0,0,1102.047347,7,0,0,0,176118.53,8,0,0,0,15,9A,0,0,0,0,9B,0,0,0,0,9C,0,0,0,0,10A,0,0,0,49.3491,10B,0,0,0,83.3539,10C,0,0,0,243.86,10D,0,0,,150,10E,0,0,0,476,10F,0,0,0,251,10G,0,0,0,35,10H,0,0,0,31359.51,10I,0,0,0,409,TracyYoung,CEO
59896,2019-03-31,Amanda Logan,Corporate Counsel,15 Bull Street,#200,Savannah,Ga,31401,2685,9125032826,8665914638,0,1,0,0,49,13,2,0,0,63,13,3,0,0,51,0,4,0,0,28,0,5,0,0,18,0,6,0,0,2083.36746,898.076923,7,0,0,124555.05,18751.07,8,0,0,9,0,9A,0,0,1.678571,0,9B,0,0,2,0,9C,0,0,2,0,10A,0,0,7.9888,86.94,10B,0,0,12.5601,159.7181,10C,0,0,19.176,216.448,10D,0,0,30,150,10E,0,0,152,10,10F,0,0,377,13,10G,0,0,19,2,10H,0,0,51182.13,1825,10I,0,0,150,19,TracyYoung,CEO
59897,2019-03-31,Amanda Logan,Corporate Counsel,15 Bull Street,#200,Savannah,Ga,31401,2685,9125032826,8665914638,0,1,0,0,0,64,2,0,0,0,65,3,0,0,0,0,4,0,0,0,0,5,0,0,0,0,6,0,0,0,1603.225231,7,0,0,0,96792.04,8,0,0,0,30,9A,0,0,0,0,9B,0,0,0,0,9C,0,0,0,0,10A,0,0,0,54.1497,10B,0,0,0,73.8515,10C,0,0,0,98.2676,10D,0,0,,150,10E,0,0,0,200,10F,0,0,0,100,10G,0,0,0,10,10H,0,0,0,13049.01,10I,0,0,0,176,TracyYoung,CEO
59898,2019-03-31,Amanda Logan,Corporate Counsel,15 Bull Street,#200,Savannah,Ga,31401,2685,9125032826,8665914638,0,1,0,0,0,125,2,0,0,0,133,3,0,0,0,1,4,0,0,0,1,5,0,0,0,0,6,0,0,0,1326.448872,7,0,0,0,183114.21,8,0,0,0,19,9A,0,0,0,1,9B,0,0,0,1,9C,0,0,0,1,10A,0,0,0,50.0072,10B,0,0,0,85.2908,10C,0,0,0,284.8,10D,0,0,,150,10E,0,0,0,377,10F,0,0,0,222,10G,0,0,0,24,10H,0,0,0,20824.77,10I,0,0,0,336,TracyYoung,CEO
59899,2019-03-31,Amanda Logan,Corporate Counsel,15 Bull Street,#200,Savannah,Ga,31401,2685,9125032826,8665914638,0,1,0,0,0,185,2,0,0,0,189,3,0,0,0,0,4,0,0,0,0,5,0,0,0,0,6,0,0,0,1332.989418,7,0,0,0,268397.6,8,0,0,0,74,9A,0,0,0,0,9B,0,0,0,0,9C,0,0,0,0,10A,0,0,0,39.3109,10B,0,0,0,79.2991,10C,0,0,0,229.2633,10D,0,0,,150,10E,0,0,0,725,10F,0,0,0,326,10G,0,0,0,34,10H,0,0,0,42341.28,10I,0,0,0,568,TracyYoung,CEO
59901,2019-03-31,Amanda Logan,Corporate Counsel,15 Bull Street,#200,Savannah,Ga,31401,2685,9125032826,8665914638,0,1,0,0,262,15,2,0,0,291,15,3,0,0,234,0,4,0,0,132,0,5,0,0,74,0,6,0,0,2025.42457,555,7,0,0,554837.67,16337.31,8,0,0,84,0,9A,0,0,1.674242,0,9B,0,0,3,0,9C,0,0,1,0,10A,0,0,0.9999,107.324,10B,0,0,12.9647,194.5531,10C,0,0,19.873,222.1435,10D,0,0,30,150,10E,0,0,815,21,10F,0,0,1884,15,10G,0,0,109,0,10H,0,0,217935.27,0,10I,0,0,803,27,TracyYoung,CEO
59902,2019-03-31,Amanda Logan,Corporate Counsel,15 Bull Street,#200,Savannah,Ga,31401,2685,9125032826,8665914638,0,1,0,0,0,87,2,0,0,0,89,3,0,0,0,0,4,0,0,0,0,5,0,0,0,0,6,0,0,0,1070.906966,7,0,0,0,106555.23,8,0,0,0,13,9A,0,0,0,0,9B,0,0,0,0,9C,0,0,0,0,10A,0,0,0,49.679,10B,0,0,0,85.0471,10C,0,0,0,281.24,10D,0,0,,150,10E,0,0,0,267,10F,0,0,0,143,10G,0,0,0,29,10H,0,0,0,20895.44,10I,0,0,0,219,TracyYoung,CEO
59903,2019-03-31,Amanda Logan,Corporate Counsel,15 Bull Street,#200,Savannah,Ga,31401,2685,9125032826,8665914638,0,1,0,0,0,174,2,0,0,0,177,3,0,0,0,0,4,0,0,0,0,5,0,0,0,0,6,0,0,0,1191.337079,7,0,0,0,196291.56,8,0,0,0,8,9A,0,0,0,0,9B,0,0,0,0,9C,0,0,0,0,10A,0,0,0,44.9913,10B,0,0,0,75.3156,10C,0,0,0,216.445,10D,0,0,,150,10E,0,0,0,515,10F,0,0,0,293,10G,0,0,0,35,10H,0,0,0,29451.33,10I,0,0,0,439,TracyYoung,CEO
59904,2019-03-31,Amanda Logan,Corporate Counsel,15 Bull Street,#200,Savannah,Ga,31401,2685,9125032826,8665914638,0,1,0,0,0,152,2,0,0,0,156,3,0,0,0,0,4,0,0,0,0,5,0,0,0,0,6,0,0,0,1683.003205,7,0,0,0,232607,8,0,0,0,17,9A,0,0,0,1,9B,0,0,0,1,9C,0,0,0,1,10A,0,0,0,49.3492,10B,0,0,0,79.8034,10C,0,0,0,223.5667,10D,0,0,,150,10E,0,0,0,387,10F,0,0,0,231,10G,0,0,0,39,10H,0,0,0,33086.97,10I,0,0,0,352,TracyYoung,CEO
59905,2019-03-31,Amanda Logan,Corporate Counsel,15 Bull Street,#200,Savannah,Ga,31401,2685,9125032826,8665914638,0,1,0,0,0,108,2,0,0,0,109,3,0,0,0,0,4,0,0,0,0,5,0,0,0,0,6,0,0,0,1234.752661,7,0,0,0,141355.46,8,0,0,0,31,9A,0,0,0,1,9B,0,0,0,1,9C,0,0,0,1,10A,0,0,0,49.0208,10B,0,0,0,84.6373,10C,0,0,0,217.8692,10D,0,0,,150,10E,0,0,0,286,10F,0,0,0,169,10G,0,0,0,22,10H,0,0,0,15384.81,10I,0,0,0,243,TracyYoung,CEO
59908,2019-03-31,Amanda Logan,Corporate Counsel,15 Bull Street,#200,Savannah,Ga,31401,2685,9125032826,8665914638,0,1,0,0,0,60,2,0,0,0,63,3,0,0,0,0,4,0,0,0,0,5,0,0,0,0,6,0,0,0,1687.8225,7,0,0,0,96690.94,8,0,0,0,9,9A,0,0,0,0,9B,0,0,0,0,9C,0,0,0,0,10A,0,0,0,44.547,10B,0,0,0,73.0281,10C,0,0,0,219.296,10D,0,0,,150,10E,0,0,0,169,10F,0,0,0,112,10G,0,0,0,11,10H,0,0,0,12516.14,10I,0,0,0,160,TracyYoung,CEO
59909,2019-03-31,Amanda Logan,Corporate Counsel,15 Bull Street,#200,Savannah,Ga,31401,2685,9125032826,8665914638,0,1,0,0,259,17,2,0,0,313,17,3,0,0,243,0,4,0,0,137,0,5,0,0,79,0,6,0,0,1526.310703,433.823529,7,0,0,414283.53,14954.35,8,0,0,32,0,9A,0,0,1.703704,0,9B,0,0,2.5,0,9C,0,0,2,0,10A,0,0,0.0091,84.42,10B,0,0,13.2606,199.6821,10C,0,0,19.4725,268.78,10D,0,0,30,150,10E,0,0,678,25,10F,0,0,1688,18,10G,0,0,122,7,10H,0,0,186025.82,3350,10I,0,0,655,21,TracyYoung,CEO
59910,2019-03-31,Amanda Logan,Corporate Counsel,15 Bull Street,#200,Savannah,Ga,31401,2685,9125032826,8665914638,0,1,0,0,303,13,2,0,0,348,13,3,0,0,284,0,4,0,0,165,0,5,0,0,90,0,6,0,0,1658.34914,434.615385,7,0,0,578867.65,11232.83,8,0,0,100,0,9A,0,0,1.62963,0,9B,0,0,2.5,0,9C,0,0,1,0,10A,0,0,4.9898,185.12,10B,0,0,13.0661,200.1256,10C,0,0,20.8143,224.9867,10D,0,0,30,150,10E,0,0,914,26,10F,0,0,2132,13,10G,0,0,150,2,10H,0,0,332549.81,350,10I,0,0,875,22,TracyYoung,CEO
59912,2019-03-31,Amanda Logan,Corporate Counsel,15 Bull Street,#200,Savannah,Ga,31401,2685,9125032826,8665914638,0,1,0,0,0,130,2,0,0,0,132,3,0,0,0,0,4,0,0,0,0,5,0,0,0,0,6,0,0,0,1056.996692,7,0,0,0,147500.65,8,0,0,0,24,9A,0,0,0,0,9B,0,0,0,0,9C,0,0,0,0,10A,0,0,0,49.8558,10B,0,0,0,91.0242,10C,0,0,0,258.0982,10D,0,0,,150,10E,0,0,0,358,10F,0,0,0,193,10G,0,0,0,22,10H,0,0,0,15305.35,10I,0,0,0,318,TracyYoung,CEO
59913,2019-03-31,Amanda Logan,Corporate Counsel,15 Bull Street,#200,Savannah,Ga,31401,2685,9125032826,8665914638,0,1,0,0,0,120,2,0,0,0,122,3,0,0,0,0,4,0,0,0,0,5,0,0,0,0,6,0,0,0,1476.57041,7,0,0,0,192122.25,8,0,0,0,17,9A,0,0,0,0,9B,0,0,0,0,9C,0,0,0,0,10A,0,0,0,53.5757,10B,0,0,0,84.6526,10C,0,0,0,224.99,10D,0,0,,150,10E,0,0,0,331,10F,0,0,0,208,10G,0,0,0,35,10H,0,0,0,46028.85,10I,0,0,0,294,TracyYoung,CEO
59917,2019-03-31,Amanda Logan,Corporate Counsel,15 Bull Street,#200,Savannah,Ga,31401,2685,9125032826,8665914638,0,1,0,0,0,130,2,0,0,0,142,3,0,0,0,0,4,0,0,0,0,5,0,0,0,0,6,0,0,0,1471.323239,7,0,0,0,174363.42,8,0,0,0,25,9A,0,0,0,0,9B,0,0,0,0,9C,0,0,0,0,10A,0,0,0,44.693,10B,0,0,0,77.6341,10C,0,0,0,222.1418,10D,0,0,,150,10E,0,0,0,360,10F,0,0,0,206,10G,0,0,0,30,10H,0,0,0,32937.49,10I,0,0,0,319,TracyYoung,CEO
59919,2019-03-31,Amanda Logan,Corporate Counsel,15 Bull Street,#200,Savannah,Ga,31401,2685,9125032826,8665914638,0,1,0,0,0,49,2,0,0,0,50,3,0,0,0,0,4,0,0,0,0,5,0,0,0,0,6,0,0,0,1540.466667,7,0,0,0,64818.45,8,0,0,0,6,9A,0,0,0,0,9B,0,0,0,0,9C,0,0,0,0,10A,0,0,0,49.9808,10B,0,0,0,89.5426,10C,0,0,0,209.3257,10D,0,0,,150,10E,0,0,0,110,10F,0,0,0,64,10G,0,0,0,7,10H,0,0,0,6970.74,10I,0,0,0,112,TracyYoung,CEO
59920,2019-03-31,Amanda Logan,Corporate Counsel,15 Bull Street,#200,Savannah,Ga,31401,2685,9125032826,8665914638,0,1,0,0,0,73,2,0,0,0,74,3,0,0,0,0,4,0,0,0,0,5,0,0,0,0,6,0,0,0,1807.837867,7,0,0,0,112635.71,8,0,0,0,16,9A,0,0,0,0,9B,0,0,0,0,9C,0,0,0,0,10A,0,0,0,49.5168,10B,0,0,0,73.8134,10C,0,0,0,197.9333,10D,0,0,,150,10E,0,0,0,182,10F,0,0,0,108,10G,0,0,0,11,10H,0,0,0,17497.31,10I,0,0,0,181,TracyYoung,CEO
59921,2019-03-31,Amanda Logan,Corporate Counsel,15 Bull Street,#200,Savannah,Ga,31401,2685,9125032826,8665914638,0,1,0,0,296,12,2,0,0,345,13,3,0,0,245,0,4,0,0,146,0,5,0,0,71,0,6,0,0,1043.499942,467.307692,7,0,0,361847.32,17815.95,8,0,0,78,0,9A,0,0,1.619718,0,9B,0,0,3.5,0,9C,0,0,1,0,10A,0,0,7.9898,189.39,10B,0,0,14.6999,204.9535,10C,0,0,21.7,224.99,10D,0,0,30,150,10E,0,0,903,21,10F,0,0,1996,14,10G,0,0,156,3,10H,0,0,171094.11,1550,10I,0,0,798,18,TracyYoung,CEO
59922,2019-03-31,Amanda Logan,Corporate Counsel,15 Bull Street,#200,Savannah,Ga,31401,2685,9125032826,8665914638,0,1,0,0,168,12,2,0,0,215,12,3,0,0,183,0,4,0,0,97,0,5,0,0,53,0,6,0,0,1629.579442,477.083333,7,0,0,299022.48,10797.56,8,0,0,35,0,9A,0,0,1.760417,0,9B,0,0,2.5,0,9C,0,0,1,0,10A,0,0,7.9898,86.3093,10B,0,0,12.9806,195.2188,10C,0,0,19.93,259.88,10D,0,0,30,150,10E,0,0,520,15,10F,0,0,1188,12,10G,0,0,77,2,10H,0,0,120535.31,650,10I,0,0,484,15,TracyYoung,CEO
59923,2019-03-31,Amanda Logan,Corporate Counsel,15 Bull Street,#200,Savannah,Ga,31401,2685,9125032826,8665914638,0,1,0,0,0,121,2,0,0,0,126,3,0,0,0,0,4,0,0,0,0,5,0,0,0,0,6,0,0,0,1028.455556,7,0,0,0,146284.45,8,0,0,0,15,9A,0,0,0,0,9B,0,0,0,0,9C,0,0,0,0,10A,0,0,0,54.4463,10B,0,0,0,84.7091,10C,0,0,0,259.88,10D,0,0,,150,10E,0,0,0,346,10F,0,0,0,201,10G,0,0,0,34,10H,0,0,0,22160.43,10I,0,0,0,297,TracyYoung,CEO
59925,2019-03-31,Amanda Logan,Corporate Counsel,15 Bull Street,#200,Savannah,Ga,31401,2685,9125032826,8665914638,0,1,0,0,0,138,2,0,0,0,140,3,0,0,0,0,4,0,0,0,0,5,0,0,0,0,6,0,0,0,1115.678571,7,0,0,0,169451.76,8,0,0,0,26,9A,0,0,0,0,9B,0,0,0,0,9C,0,0,0,0,10A,0,0,0,50.0888,10B,0,0,0,90.9112,10C,0,0,0,227.84,10D,0,0,,150,10E,0,0,0,358,10F,0,0,0,211,10G,0,0,0,32,10H,0,0,0,28497.37,10I,0,0,0,315,TracyYoung,CEO
59926,2019-03-31,Amanda Logan,Corporate Counsel,15 Bull Street,#200,Savannah,Ga,31401,2685,9125032826,8665914638,0,1,0,0,0,179,2,0,0,0,184,3,0,0,0,0,4,0,0,0,0,5,0,0,0,0,6,0,0,0,1206.103135,7,0,0,0,221670.13,8,0,0,0,8,9A,0,0,0,0,9B,0,0,0,0,9C,0,0,0,0,10A,0,0,0,46.4758,10B,0,0,0,83.2286,10C,0,0,0,265.219,10D,0,0,,150,10E,0,0,0,504,10F,0,0,0,281,10G,0,0,0,35,10H,0,0,0,33645.74,10I,0,0,0,464,TracyYoung,CEO
59929,2019-03-31,Amanda Logan,Corporate Counsel,15 Bull Street,#200,Savannah,Ga,31401,2685,9125032826,8665914638,0,1,0,0,78,5,2,0,0,94,5,3,0,0,65,0,4,0,0,38,0,5,0,0,20,0,6,0,0,2285.491915,610,7,0,0,157152.41,6187.99,8,0,0,31,0,9A,0,0,1.675676,0,9B,0,0,2.5,0,9C,0,0,1,0,10A,0,0,4.9997,190.816,10B,0,0,12.4035,202.2079,10C,0,0,23.92,209.328,10D,0,0,30,150,10E,0,0,217,4,10F,0,0,512,5,10G,0,0,31,2,10H,0,0,82962.55,550,10I,0,0,204,4,TracyYoung,CEO
59932,2019-03-31,Amanda Logan,Corporate Counsel,15 Bull Street,#200,Savannah,Ga,31401,2685,9125032826,8665914638,0,1,0,0,0,101,2,0,0,0,105,3,0,0,0,1,4,0,0,0,1,5,0,0,0,0,6,0,0,0,1456.885714,7,0,0,0,146791.11,8,0,0,1,18,9A,0,0,0,1,9B,0,0,0,1,9C,0,0,0,1,10A,0,0,0,47.3591,10B,0,0,0,82.5458,10C,0,0,0,238.52,10D,0,0,,150,10E,0,0,0,245,10F,0,0,0,165,10G,0,0,0,35,10H,0,0,0,35686.89,10I,0,0,0,216,TracyYoung,CEO
59933,2019-03-31,Amanda Logan,Corporate Counsel,15 Bull Street,#200,Savannah,Ga,31401,2685,9125032826,8665914638,0,1,0,0,0,52,2,0,0,0,58,3,0,0,0,0,4,0,0,0,0,5,0,0,0,0,6,0,0,0,1181.917241,7,0,0,0,69162.26,8,0,0,0,16,9A,0,0,0,0,9B,0,0,0,0,9C,0,0,0,0,10A,0,0,0,41.0276,10B,0,0,0,80.3906,10C,0,0,0,229.2633,10D,0,0,,150,10E,0,0,0,165,10F,0,0,0,90,10G,0,0,0,20,10H,0,0,0,15447.21,10I,0,0,0,144,TracyYoung,CEO
59935,2019-03-31,Amanda Logan,Corporate Counsel,15 Bull Street,#200,Savannah,Ga,31401,2685,9125032826,8665914638,0,1,0,0,81,2,2,0,0,105,2,3,0,0,71,0,4,0,0,44,0,5,0,0,23,0,6,0,0,1910.200857,750,7,0,0,174539.16,3204,8,0,0,26,0,9A,0,0,1.522727,0,9B,0,0,2,0,9C,0,0,1,0,10A,0,0,5.998,209.328,10B,0,0,12.3896,215.736,10C,0,0,19.6857,222.144,10D,0,0,30,150,10E,0,0,265,8,10F,0,0,578,2,10G,0,0,31,1,10H,0,0,58681.24,500,10I,0,0,245,3,TracyYoung,CEO
59936,2019-03-31,Amanda Logan,Corporate Counsel,15 Bull Street,#200,Savannah,Ga,31401,2685,9125032826,8665914638,0,1,0,0,0,176,2,0,0,0,182,3,0,0,0,0,4,0,0,0,0,5,0,0,0,0,6,0,0,0,929.755275,7,0,0,0,205543.63,8,0,0,0,2,9A,0,0,0,0,9B,0,0,0,0,9C,0,0,0,0,10A,0,0,0,49.7045,10B,0,0,0,91.4981,10C,0,0,0,272.3393,10D,0,0,,150,10E,0,0,0,455,10F,0,0,0,281,10G,0,0,0,38,10H,0,0,0,28164.33,10I,0,0,0,429,TracyYoung,CEO
59938,2019-03-31,Amanda Logan,Corporate Counsel,15 Bull Street,#200,Savannah,Ga,31401,2685,9125032826,8665914638,0,1,0,0,0,79,2,0,0,0,81,3,0,0,0,0,4,0,0,0,0,5,0,0,0,0,6,0,0,0,1237.293049,7,0,0,0,103960.7,8,0,0,0,17,9A,0,0,0,0,9B,0,0,0,0,9C,0,0,0,0,10A,0,0,0,54.8775,10B,0,0,0,81.9306,10C,0,0,0,209.3275,10D,0,0,,150,10E,0,0,0,253,10F,0,0,0,145,10G,0,0,0,17,10H,0,0,0,14120.23,10I,0,0,0,235,TracyYoung,CEO
59939,2019-03-31,Amanda Logan,Corporate Counsel,15 Bull Street,#200,Savannah,Ga,31401,2685,9125032826,8665914638,0,1,0,0,0,77,2,0,0,0,79,3,0,0,0,0,4,0,0,0,0,5,0,0,0,0,6,0,0,0,1456.688987,7,0,0,0,113572.88,8,0,0,0,24,9A,0,0,0,0,9B,0,0,0,0,9C,0,0,0,0,10A,0,0,0,49.5278,10B,0,0,0,83.0813,10C,0,0,0,226.416,10D,0,0,,150,10E,0,0,0,271,10F,0,0,0,128,10G,0,0,0,18,10H,0,0,0,21805.14,10I,0,0,0,220,TracyYoung,CEO
59940,2019-03-31,Amanda Logan,Corporate Counsel,15 Bull Street,#200,Savannah,Ga,31401,2685,9125032826,8665914638,0,1,0,0,0,123,2,0,0,0,128,3,0,0,0,0,4,0,0,0,0,5,0,0,0,0,6,0,0,0,1027.698438,7,0,0,0,144733.8,8,0,0,0,32,9A,0,0,0,0,9B,0,0,0,0,9C,0,0,0,0,10A,0,0,0,54.6523,10B,0,0,0,81.0016,10C,0,0,0,205.0541,10D,0,0,,150,10E,0,0,0,382,10F,0,0,0,206,10G,0,0,0,33,10H,0,0,0,28949.47,10I,0,0,0,323,TracyYoung,CEO
59941,2019-03-31,Amanda Logan,Corporate Counsel,15 Bull Street,#200,Savannah,Ga,31401,2685,9125032826,8665914638,0,1,0,0,62,1,2,0,0,86,1,3,0,0,57,0,4,0,0,31,0,5,0,0,18,0,6,0,0,1593.282558,600,7,0,0,118639.84,1711.72,8,0,0,10,0,9A,0,0,1.774194,0,9B,0,0,2.5,0,9C,0,0,1,0,10A,0,0,0.0098,106.53,10B,0,0,11.7386,151.5209,10C,0,0,21.1946,196.5117,10D,0,0,30,150,10E,0,0,167,11,10F,0,0,433,2,10G,0,0,29,0,10H,0,0,77827.65,0,10I,0,0,160,9,TracyYoung,CEO
59942,2019-03-31,Amanda Logan,Corporate Counsel,15 Bull Street,#200,Savannah,Ga,31401,2685,9125032826,8665914638,0,1,0,0,0,82,2,0,0,0,86,3,0,0,0,0,4,0,0,0,0,5,0,0,0,0,6,0,0,0,1508.906977,7,0,0,0,128076.13,8,0,0,0,21,9A,0,0,0,0,9B,0,0,0,0,9C,0,0,0,0,10A,0,0,0,50.008,10B,0,0,0,80.8439,10C,0,0,0,216.445,10D,0,0,,150,10E,0,0,0,251,10F,0,0,0,136,10G,0,0,0,13,10H,0,0,0,10692.48,10I,0,0,0,209,TracyYoung,CEO
59943,2019-03-31,Amanda Logan,Corporate Counsel,15 Bull Street,#200,Savannah,Ga,31401,2685,9125032826,8665914638,0,1,0,0,0,128,2,0,0,0,133,3,0,0,0,0,4,0,0,0,0,5,0,0,0,0,6,0,0,0,1313.384887,7,0,0,0,175671.07,8,0,0,0,16,9A,0,0,0,0,9B,0,0,0,0,9C,0,0,0,0,10A,0,0,0,54.2998,10B,0,0,0,87.6767,10C,0,0,0,240.3,10D,0,0,,150,10E,0,0,0,293,10F,0,0,0,189,10G,0,0,0,32,10H,0,0,0,26236.15,10I,0,0,0,283,TracyYoung,CEO
59944,2019-03-31,Amanda Logan,Corporate Counsel,15 Bull Street,#200,Savannah,Ga,31401,2685,9125032826,8665914638,0,1,0,0,0,158,2,0,0,0,159,3,0,0,0,0,4,0,0,0,0,5,0,0,0,0,6,0,0,0,1639.729938,7,0,0,0,247320.22,8,0,0,0,14,9A,0,0,0,0,9B,0,0,0,0,9C,0,0,0,0,10A,0,0,0,42.3223,10B,0,0,0,74.344,10C,0,0,0,256.32,10D,0,0,,150,10E,0,0,0,559,10F,0,0,0,281,10G,0,0,0,41,10H,0,0,0,53054.97,10I,0,0,0,440,TracyYoung,CEO
59945,2019-03-31,Amanda Logan,Corporate Counsel,15 Bull Street,#200,Savannah,Ga,31401,2685,9125032826,8665914638,0,1,0,0,284,22,2,0,0,362,23,3,0,0,278,0,4,0,0,157,0,5,0,0,91,0,6,0,0,1311.641047,395.652174,7,0,0,634055.76,18828.08,8,0,0,28,0,9A,0,0,1.709677,0,9B,0,0,2.5,0,9C,0,0,1,0,10A,0,0,1.8897,91.9782,10B,0,0,13.7101,195.7856,10C,0,0,20.955,224.99,10D,0,0,30,150,10E,0,0,1101,36,10F,0,0,2522,24,10G,0,0,131,6,10H,0,0,186804.61,2450,10I,0,0,1014,41,TracyYoung,CEO
59946,2019-03-31,Amanda Logan,Corporate Counsel,15 Bull Street,#200,Savannah,Ga,31401,2685,9125032826,8665914638,0,1,0,0,0,214,2,0,0,0,218,3,0,0,0,0,4,0,0,0,0,5,0,0,0,0,6,0,0,0,1132.034954,7,0,0,0,258272.3,8,0,0,0,40,9A,0,0,0,0,9B,0,0,0,0,9C,0,0,0,0,10A,0,0,0,39.0979,10B,0,0,0,89.9637,10C,0,0,0,268.7777,10D,0,0,,150,10E,0,0,0,743,10F,0,0,0,357,10G,0,0,0,49,10H,0,0,0,42982.34,10I,0,0,0,591,TracyYoung,CEO
59947,2019-03-31,Amanda Logan,Corporate Counsel,15 Bull Street,#200,Savannah,Ga,31401,2685,9125032826,8665914638,0,1,0,0,0,60,2,0,0,0,62,3,0,0,0,0,4,0,0,0,0,5,0,0,0,0,6,0,0,0,1719.387097,7,0,0,0,92339.8,8,0,0,0,20,9A,0,0,0,0,9B,0,0,0,0,9C,0,0,0,0,10A,0,0,0,44.6959,10B,0,0,0,72.7419,10C,0,0,0,213.6,10D,0,0,,150,10E,0,0,0,158,10F,0,0,0,100,10G,0,0,0,10,10H,0,0,0,7227.25,10I,0,0,0,152,TracyYoung,CEO
59949,2019-03-31,Amanda Logan,Corporate Counsel,15 Bull Street,#200,Savannah,Ga,31401,2685,9125032826,8665914638,0,1,0,0,0,96,2,0,0,0,101,3,0,0,0,0,4,0,0,0,0,5,0,0,0,0,6,0,0,0,1236.903267,7,0,0,0,136898.02,8,0,0,0,27,9A,0,0,0,1,9B,0,0,0,1,9C,0,0,0,1,10A,0,0,0,44.3998,10B,0,0,0,84.6057,10C,0,0,0,274.1171,10D,0,0,,150,10E,0,0,0,329,10F,0,0,0,168,10G,0,0,0,25,10H,0,0,0,21120.05,10I,0,0,0,255,TracyYoung,CEO
59953,2019-03-31,Amanda Logan,Corporate Counsel,15 Bull Street,#200,Savannah,Ga,31401,2685,9125032826,8665914638,0,1,0,0,0,136,2,0,0,0,143,3,0,0,0,0,4,0,0,0,0,5,0,0,0,0,6,0,0,0,787.928951,7,0,0,0,138115.25,8,0,0,0,39,9A,0,0,0,0,9B,0,0,0,0,9C,0,0,0,0,10A,0,0,0,49.3487,10B,0,0,0,85.175,10C,0,0,0,213.6,10D,0,0,,150,10E,0,0,0,447,10F,0,0,0,242,10G,0,0,0,41,10H,0,0,0,27982.28,10I,0,0,0,369,TracyYoung,CEO
59955,2019-03-31,Amanda Logan,Corporate Counsel,15 Bull Street,#200,Savannah,Ga,31401,2685,9125032826,8665914638,0,1,0,0,0,114,2,0,0,0,115,3,0,0,0,0,4,0,0,0,0,5,0,0,0,0,6,0,0,0,1552.539652,7,0,0,0,177800.82,8,0,0,0,21,9A,0,0,0,1,9B,0,0,0,1,9C,0,0,0,1,10A,0,0,0,49.2943,10B,0,0,0,83.4954,10C,0,0,0,227.84,10D,0,0,,150,10E,0,0,0,384,10F,0,0,0,197,10G,0,0,0,26,10H,0,0,0,20791.38,10I,0,0,0,314,TracyYoung,CEO
59957,2019-03-31,Amanda Logan,Corporate Counsel,15 Bull Street,#200,Savannah,Ga,31401,2685,9125032826,8665914638,0,1,0,0,0,67,2,0,0,0,68,3,0,0,0,0,4,0,0,0,0,5,0,0,0,0,6,0,0,0,1552.661765,7,0,0,0,116301.08,8,0,0,0,16,9A,0,0,0,0,9B,0,0,0,0,9C,0,0,0,0,10A,0,0,0,40.3722,10B,0,0,0,79.9086,10C,0,0,0,277.68,10D,0,0,,150,10E,0,0,0,282,10F,0,0,0,135,10G,0,0,0,10,10H,0,0,0,7041.46,10I,0,0,0,222,TracyYoung,CEO
59958,2019-03-31,Amanda Logan,Corporate Counsel,15 Bull Street,#200,Savannah,Ga,31401,2685,9125032826,8665914638,0,1,0,0,0,83,2,0,0,0,86,3,0,0,0,1,4,0,0,0,1,5,0,0,0,0,6,0,0,0,1805.818605,7,0,0,0,129300.7,8,0,0,0,20,9A,0,0,0,1,9B,0,0,0,1,9C,0,0,0,1,10A,0,0,0,34.6142,10B,0,0,0,78.7734,10C,0,0,0,220.72,10D,0,0,,150,10E,0,0,0,221,10F,0,0,0,131,10G,0,0,0,23,10H,0,0,0,23381.72,10I,0,0,0,200,TracyYoung,CEO
59960,2019-03-31,Amanda Logan,Corporate Counsel,15 Bull Street,#200,Savannah,Ga,31401,2685,9125032826,8665914638,0,1,0,0,0,84,2,0,0,0,87,3,0,0,0,0,4,0,0,0,0,5,0,0,0,0,6,0,0,0,1308.805977,7,0,0,0,124878.63,8,0,0,0,7,9A,0,0,0,0,9B,0,0,0,0,9C,0,0,0,0,10A,0,0,0,48.6622,10B,0,0,0,78.9673,10C,0,0,0,247.42,10D,0,0,,150,10E,0,0,0,280,10F,0,0,0,147,10G,0,0,0,23,10H,0,0,0,18578.03,10I,0,0,1,244,TracyYoung,CEO
59961,2019-03-31,Amanda Logan,Corporate Counsel,15 Bull Street,#200,Savannah,Ga,31401,2685,9125032826,8665914638,0,1,0,0,275,10,2,0,0,330,10,3,0,0,283,0,4,0,0,156,0,5,0,0,88,0,6,0,0,2029.603848,492.5,7,0,0,655566.26,9743.33,8,0,0,83,0,9A,0,0,1.741722,0,9B,0,0,3,0,9C,0,0,1,0,10A,0,0,1.9998,190.8133,10B,0,0,12.9526,198.9318,10C,0,0,19.3089,212.176,10D,0,0,30,150,10E,0,0,892,18,10F,0,0,2157,10,10G,0,0,114,2,10H,0,0,205984.09,1450,10I,0,0,856,13,TracyYoung,CEO
59962,2019-03-31,Amanda Logan,Corporate Counsel,15 Bull Street,#200,Savannah,Ga,31401,2685,9125032826,8665914638,0,1,0,0,0,228,2,0,0,0,231,3,0,0,0,0,4,0,0,0,0,5,0,0,0,0,6,0,0,0,1506.369657,7,0,0,0,368029.5,8,0,0,0,75,9A,0,0,0,0,9B,0,0,0,0,9C,0,0,0,0,10A,0,0,0,44.9918,10B,0,0,0,75.2713,10C,0,0,0,213.6,10D,0,0,,150,10E,0,0,0,955,10F,0,0,0,455,10G,0,0,0,58,10H,0,0,0,66808.99,10I,0,0,0,759,TracyYoung,CEO
59964,2019-03-31,Amanda Logan,Corporate Counsel,15 Bull Street,#200,Savannah,Ga,31401,2685,9125032826,8665914638,0,1,0,0,0,58,2,0,0,0,59,3,0,0,0,0,4,0,0,0,0,5,0,0,0,0,6,0,0,0,2109.45322,7,0,0,0,107561.99,8,0,0,0,16,9A,0,0,0,1,9B,0,0,0,1,9C,0,0,0,1,10A,0,0,0,48.6918,10B,0,0,0,71.236,10C,0,0,0,215.024,10D,0,0,,150,10E,0,0,0,160,10F,0,0,0,86,10G,0,0,0,6,10H,0,0,0,7204.68,10I,0,0,0,143,TracyYoung,CEO
59966,2019-03-31,Amanda Logan,Corporate Counsel,15 Bull Street,#200,Savannah,Ga,31401,2685,9125032826,8665914638,0,1,0,0,81,7,2,0,0,113,7,3,0,0,72,0,4,0,0,40,0,5,0,0,23,0,6,0,0,1927.054867,546.428571,7,0,0,227662.55,9629.42,8,0,0,29,0,9A,0,0,1.65,0,9B,0,0,2.5,0,9C,0,0,1,0,10A,0,0,1.9897,193.6633,10B,0,0,12.7786,210.9038,10C,0,0,19.176,261.66,10D,0,0,30,150,10E,0,0,334,6,10F,0,0,747,7,10G,0,0,49,0,10H,0,0,84191.45,0,10I,0,0,294,12,TracyYoung,CEO
59967,2019-03-31,Amanda Logan,Corporate Counsel,15 Bull Street,#200,Savannah,Ga,31401,2685,9125032826,8665914638,0,1,0,0,342,11,2,0,0,416,12,3,0,0,313,0,4,0,0,168,0,5,0,0,106,0,6,0,0,1388.648558,493.75,7,0,0,646720.52,12385.93,8,0,0,97,0,9A,0,0,1.742515,0,9B,0,0,2.5,0,9C,0,0,2,0,10A,0,0,0.9993,193.6618,10B,0,0,13.1554,209.2088,10C,0,0,19.5541,270.56,10D,0,0,30,150,10E,0,0,1113,13,10F,0,0,2619,12,10G,0,0,142,2,10H,0,0,250950.64,900,10I,0,0,1079,15,TracyYoung,CEO
59969,2019-03-31,Amanda Logan,Corporate Counsel,15 Bull Street,#200,Savannah,Ga,31401,2685,9125032826,8665914638,0,1,0,0,0,153,2,0,0,0,160,3,0,0,0,0,4,0,0,0,0,5,0,0,0,0,6,0,0,0,844.308,7,0,0,0,152874.91,8,0,0,0,21,9A,0,0,0,0,9B,0,0,0,0,9C,0,0,0,0,10A,0,0,0,49.3499,10B,0,0,0,91.9166,10C,0,0,0,261.66,10D,0,0,,150,10E,0,0,0,495,10F,0,0,0,244,10G,0,0,0,30,10H,0,0,0,18018.76,10I,0,0,0,405,TracyYoung,CEO
59970,2019-03-31,Amanda Logan,Corporate Counsel,15 Bull Street,#200,Savannah,Ga,31401,2685,9125032826,8665914638,0,1,0,0,176,15,2,0,0,214,17,3,0,0,171,0,4,0,0,93,0,5,0,0,55,0,6,0,0,1614.401822,501.470588,7,0,0,396972.76,16311.48,8,0,0,67,0,9A,0,0,1.769231,0,9B,0,0,3,0,9C,0,0,2,0,10A,0,0,7.9896,90.0887,10B,0,0,13.6014,189.0954,10C,0,0,19.354,220.72,10D,0,0,30,150,10E,0,0,675,21,10F,0,0,1532,18,10G,0,0,104,5,10H,0,0,151929.23,2625,10I,0,0,604,23,TracyYoung,CEO
59971,2019-03-31,Amanda Logan,Corporate Counsel,15 Bull Street,#200,Savannah,Ga,31401,2685,9125032826,8665914638,0,1,0,0,0,74,2,0,0,0,78,3,0,0,0,0,4,0,0,0,0,5,0,0,0,0,6,0,0,0,1267.142436,7,0,0,0,96287.15,8,0,0,0,12,9A,0,0,0,0,9B,0,0,0,0,9C,0,0,0,0,10A,0,0,0,48.6919,10B,0,0,0,78.1511,10C,0,0,0,209.3275,10D,0,0,,150,10E,0,0,0,207,10F,0,0,0,120,10G,0,0,0,22,10H,0,0,0,16880.6,10I,0,0,0,168,TracyYoung,CEO
59972,2019-03-31,Amanda Logan,Corporate Counsel,15 Bull Street,#200,Savannah,Ga,31401,2685,9125032826,8665914638,0,1,0,0,92,9,2,0,0,110,9,3,0,0,95,0,4,0,0,47,0,5,0,0,30,0,6,0,0,1759.853455,386.111111,7,0,0,181503.23,8078.7,8,0,0,35,0,9A,0,0,1.914894,0,9B,0,0,2.5,0,9C,0,0,1,0,10A,0,0,0.01,105.734,10B,0,0,13.8405,192.4891,10C,0,0,21.2833,245.64,10D,0,0,30,150,10E,0,0,315,18,10F,0,0,719,10,10G,0,0,50,2,10H,0,0,84213.23,450,10I,0,0,285,18,TracyYoung,CEO
59973,2019-03-31,Amanda Logan,Corporate Counsel,15 Bull Street,#200,Savannah,Ga,31401,2685,9125032826,8665914638,0,1,0,0,184,11,2,0,0,222,11,3,0,0,191,0,4,0,0,113,0,5,0,0,61,0,6,0,0,1673.252162,438.636364,7,0,0,388380.61,11629.35,8,0,0,35,0,9A,0,0,1.651786,0,9B,0,0,3,0,9C,0,0,2,0,10A,0,0,0.1,92.6089,10B,0,0,13.6027,184.4311,10C,0,0,20.9257,410.112,10D,0,0,30,150,10E,0,0,581,22,10F,0,0,1522,13,10G,0,0,103,3,10H,0,0,214372.8,1700,10I,0,0,554,21,TracyYoung,CEO
59974,2019-03-31,Amanda Logan,Corporate Counsel,15 Bull Street,#200,Savannah,Ga,31401,2685,9125032826,8665914638,0,1,0,0,0,108,2,0,0,0,111,3,0,0,0,0,4,0,0,0,0,5,0,0,0,0,6,0,0,0,1614.57982,7,0,0,0,165082.61,8,0,0,0,30,9A,0,0,0,0,9B,0,0,0,0,9C,0,0,0,0,10A,0,0,0,48.8599,10B,0,0,0,82.9398,10C,0,0,0,227.84,10D,0,0,,150,10E,0,0,0,327,10F,0,0,0,172,10G,0,0,0,25,10H,0,0,0,28226.14,10I,0,0,0,267,TracyYoung,CEO
62547,2019-03-31,Amanda Logan,Corporate Counsel,15 Bull Street,#200,Savannah,Ga,31401,2685,9125032826,8665914638,0,1,0,0,171,8,2,0,0,213,8,3,0,0,147,0,4,0,0,85,0,5,0,0,45,0,6,0,0,1789.894554,525,7,0,0,436162.17,9466.16,8,0,0,45,0,9A,0,0,1.702381,0,9B,0,0,3,0,9C,0,0,1,0,10A,0,0,0.9995,88.8293,10B,0,0,13.9078,190.7173,10C,0,0,22.9333,220.72,10D,0,0,30,150,10E,0,0,647,6,10F,0,0,1539,9,10G,0,0,107,0,10H,0,0,186077.92,0,10I,0,0,603,11,TracyYoung,CEO
62548,2019-03-31,Amanda Logan,Corporate Counsel,15 Bull Street,#200,Savannah,Ga,31401,2685,9125032826,8665914638,0,1,0,0,82,2,2,0,0,109,3,3,0,0,91,0,4,0,0,44,0,5,0,0,28,0,6,0,0,1343.264128,300,7,0,0,151579.57,1841.23,8,0,0,15,0,9A,0,0,1.909091,0,9B,0,0,3,0,9C,0,0,1,0,10A,0,0,0.0093,193.6633,10B,0,0,12.4174,213.1251,10C,0,0,19.176,242.08,10D,0,0,30,150,10E,0,0,285,2,10F,0,0,646,3,10G,0,0,48,2,10H,0,0,65287.42,400,10I,0,0,231,1,TracyYoung,CEO
62549,2019-03-31,Amanda Logan,Corporate Counsel,15 Bull Street,#200,Savannah,Ga,31401,2685,9125032826,8665914638,0,1,0,0,0,100,2,0,0,0,102,3,0,0,0,0,4,0,0,0,0,5,0,0,0,0,6,0,0,0,1303.53835,7,0,0,0,136453.97,8,0,0,0,26,9A,0,0,0,0,9B,0,0,0,0,9C,0,0,0,0,10A,0,0,0,50.0066,10B,0,0,0,81.5983,10C,0,0,0,209.328,10D,0,0,,150,10E,0,0,0,333,10F,0,0,0,172,10G,0,0,0,26,10H,0,0,0,26489.15,10I,0,0,0,278,TracyYoung,CEO
62550,2019-03-31,Amanda Logan,Corporate Counsel,15 Bull Street,#200,Savannah,Ga,31401,2685,9125032826,8665914638,0,1,0,0,193,3,2,0,0,225,3,3,0,0,170,0,4,0,0,102,0,5,0,0,50,0,6,0,0,1991.798622,841.666667,7,0,0,401974.51,4778.23,8,0,0,50,0,9A,0,0,1.568627,0,9B,0,0,3,0,9C,0,0,1,0,10A,0,0,0.9995,185.12,10B,0,0,13.0653,190.3411,10C,0,0,19.9667,197.936,10D,0,0,30,150,10E,0,0,575,3,10F,0,0,1339,3,10G,0,0,88,0,10H,0,0,162249.58,0,10I,0,0,859,3,TracyYoung,CEO
62551,2019-03-31,Amanda Logan,Corporate Counsel,15 Bull Street,#200,Savannah,Ga,31401,2685,9125032826,8665914638,0,1,0,0,124,8,2,0,0,149,8,3,0,0,124,0,4,0,0,70,0,5,0,0,37,0,6,0,0,1579.365369,331.25,7,0,0,262570.79,6396.57,8,0,0,33,0,9A,0,0,1.753623,0,9B,0,0,3.5,0,9C,0,0,1,0,10A,0,0,0.0096,187.965,10B,0,0,12.646,200.2488,10C,0,0,19.9667,212.175,10D,0,0,30,150,10E,0,0,421,7,10F,0,0,983,8,10G,0,0,45,1,10H,0,0,87821.78,200,10I,0,0,390,11,TracyYoung,CEO
62552,2019-03-31,Amanda Logan,Corporate Counsel,15 Bull Street,#200,Savannah,Ga,31401,2685,9125032826,8665914638,0,1,0,0,226,15,2,0,0,267,15,3,0,0,260,0,4,0,0,133,0,5,0,0,83,0,6,0,0,1450.054382,421,7,0,0,421151.23,13414.51,8,0,0,39,0,9A,0,0,1.862595,0,9B,0,0,3,0,9C,0,0,2,0,10A,0,0,0.0098,96.39,10B,0,0,14.365,192.3671,10C,0,0,21.2833,247.42,10D,0,0,30,150,10E,0,0,801,20,10F,0,0,2057,16,10G,0,0,133,1,10H,0,0,176512.81,1000,10I,0,0,753,24,TracyYoung,CEO
62553,2019-03-31,Amanda Logan,Corporate Counsel,15 Bull Street,#200,Savannah,Ga,31401,2685,9125032826,8665914638,0,1,0,0,77,3,2,0,0,88,3,3,0,0,64,0,4,0,0,40,0,5,0,0,20,0,6,0,0,2091.148864,483.333333,7,0,0,162754.17,2860.81,8,0,0,18,0,9A,0,0,1.589744,0,9B,0,0,2,0,9C,0,0,1,0,10A,0,0,8.9898,187.965,10B,0,0,13.8937,195.087,10C,0,0,19.12,199.36,10D,0,0,30,150,10E,0,0,244,2,10F,0,0,517,3,10G,0,0,34,0,10H,0,0,56492.56,0,10I,0,0,223,3,TracyYoung,CEO
62554,2019-03-31,Amanda Logan,Corporate Counsel,15 Bull Street,#200,Savannah,Ga,31401,2685,9125032826,8665914638,0,1,0,0,94,7,2,0,0,132,7,3,0,0,72,0,4,0,0,45,0,5,0,0,20,0,6,0,0,1591.153258,378.571429,7,0,0,183249.44,5207.55,8,0,0,27,0,9A,0,0,1.555556,0,9B,0,0,2.5,0,9C,0,0,1,0,10A,0,0,8.99,186.5436,10B,0,0,14.02,197.1215,10C,0,0,19.9032,210.7491,10D,0,0,30,150,10E,0,0,329,6,10F,0,0,751,7,10G,0,0,67,0,10H,0,0,99383.92,0,10I,0,0,276,9,TracyYoung,CEO
62555,2019-03-31,Amanda Logan,Corporate Counsel,15 Bull Street,#200,Savannah,Ga,31401,2685,9125032826,8665914638,0,1,0,0,0,111,2,0,0,0,113,3,0,0,0,0,4,0,0,0,0,5,0,0,0,0,6,0,0,0,1866.229735,7,0,0,0,203737.08,8,0,0,0,24,9A,0,0,0,0,9B,0,0,0,0,9C,0,0,0,0,10A,0,0,0,46.7679,10B,0,0,0,78.2,10C,0,0,0,245.64,10D,0,0,,150,10E,0,0,0,400,10F,0,0,0,190,10G,0,0,0,31,10H,0,0,0,39245.79,10I,0,0,0,313,TracyYoung,CEO
62557,2019-03-31,Amanda Logan,Corporate Counsel,15 Bull Street,#200,Savannah,Ga,31401,2685,9125032826,8665914638,0,1,0,0,0,108,2,0,0,0,111,3,0,0,0,0,4,0,0,0,0,5,0,0,0,0,6,0,0,0,1120.005766,7,0,0,0,130821.52,8,0,0,0,22,9A,0,0,0,0,9B,0,0,0,0,9C,0,0,0,0,10A,0,0,0,44.3994,10B,0,0,0,82.7279,10C,0,0,0,210.7516,10D,0,0,,150,10E,0,0,0,326,10F,0,0,0,170,10G,0,0,0,26,10H,0,0,0,24131.15,10I,0,0,0,267,TracyYoung,CEO
62559,2019-03-31,Amanda Logan,Corporate Counsel,15 Bull Street,#200,Savannah,Ga,31401,2685,9125032826,8665914638,0,1,0,0,0,62,2,0,0,0,65,3,0,0,0,0,4,0,0,0,0,5,0,0,0,0,6,0,0,0,2117.659077,7,0,0,0,104524.47,8,0,0,0,3,9A,0,0,0,0,9B,0,0,0,0,9C,0,0,0,0,10A,0,0,0,48.692,10B,0,0,0,72.6132,10C,0,0,0,200.7833,10D,0,0,,150,10E,0,0,0,160,10F,0,0,0,88,10G,0,0,0,10,10H,0,0,0,15482.15,10I,0,0,0,148,TracyYoung,CEO
62560,2019-03-31,Amanda Logan,Corporate Counsel,15 Bull Street,#200,Savannah,Ga,31401,2685,9125032826,8665914638,0,1,0,0,155,4,2,0,0,199,4,3,0,0,168,0,4,0,0,84,0,5,0,0,52,0,6,0,0,1761.000553,150,7,0,0,271001.28,1283.02,8,0,0,24,0,9A,0,0,1.952381,0,9B,0,0,3,0,9C,0,0,2,0,10A,0,0,1.9994,195.0867,10B,0,0,12.1209,223.2117,10C,0,0,19.3859,250.98,10D,0,0,30,150,10E,0,0,526,12,10F,0,0,1253,4,10G,0,0,73,2,10H,0,0,116441.61,400,10I,0,0,508,6,TracyYoung,CEO
62561,2019-03-31,Amanda Logan,Corporate Counsel,15 Bull Street,#200,Savannah,Ga,31401,2685,9125032826,8665914638,0,1,0,0,195,6,2,0,0,232,6,3,0,0,196,0,4,0,0,108,0,5,0,0,61,0,6,0,0,1850.516867,745.833333,7,0,0,372420.39,7273,8,0,0,50,0,9A,0,0,1.688679,0,9B,0,0,3,0,9C,0,0,1,0,10A,0,0,0.9937,90.72,10B,0,0,12.5444,178.0287,10C,0,0,19.9667,217.8716,10D,0,0,30,150,10E,0,0,534,14,10F,0,0,1269,6,10G,0,0,51,0,10H,0,0,109210.36,0,10I,0,0,531,11,TracyYoung,CEO
63081,2019-03-31,Amanda Logan,Corporate Counsel,15 Bull Street,#200,Savannah,Ga,31401,2685,9125032826,8665914638,0,1,0,0,0,182,2,0,0,0,189,3,0,0,0,0,4,0,0,0,0,5,0,0,0,0,6,0,0,0,1214.747853,7,0,0,0,242802.7,8,0,0,0,51,9A,0,0,0,1,9B,0,0,0,1,9C,0,0,0,1,10A,0,0,0,51.3234,10B,0,0,0,79.8686,10C,0,0,0,209.328,10D,0,0,,150,10E,0,0,0,649,10F,0,0,0,306,10G,0,0,0,40,10H,0,0,0,36384.17,10I,0,0,0,536,TracyYoung,CEO
63082,2019-03-31,Amanda Logan,Corporate Counsel,15 Bull Street,#200,Savannah,Ga,31401,2685,9125032826,8665914638,0,1,0,0,297,26,2,0,0,358,26,3,0,0,299,0,4,0,0,169,0,5,0,0,92,0,6,0,0,1535.194958,475,7,0,0,578640.21,24552.89,8,0,0,85,0,9A,0,0,1.708333,0,9B,0,0,3,0,9C,0,0,1,0,10A,0,0,0.008,180.8467,10B,0,0,13.9842,197.1136,10C,0,0,21.1105,226.416,10D,0,0,30,150,10E,0,0,871,23,10F,0,0,2024,26,10G,0,0,121,3,10H,0,0,192927.6,650,10I,0,0,786,36,TracyYoung,CEO
63083,2019-03-31,Amanda Logan,Corporate Counsel,15 Bull Street,#200,Savannah,Ga,31401,2685,9125032826,8665914638,0,1,0,0,170,14,2,0,0,195,15,3,0,0,140,0,4,0,0,64,0,5,0,0,45,0,6,0,0,1177.285957,345,7,0,0,247994.61,11711.96,8,0,0,39,0,9A,0,0,2.078125,0,9B,0,0,3.5,0,9C,0,0,2,0,10A,0,0,2.9899,192.24,10B,0,0,13.1931,207.2128,10C,0,0,19.176,249.2,10D,0,0,30,150,10E,0,0,457,8,10F,0,0,1359,16,10G,0,0,43,6,10H,0,0,56470.12,1800,10I,0,0,676,12,TracyYoung,CEO
63084,2019-03-31,Amanda Logan,Corporate Counsel,15 Bull Street,#200,Savannah,Ga,31401,2685,9125032826,8665914638,0,1,0,0,384,24,2,0,0,451,27,3,0,0,330,0,4,0,0,195,0,5,0,0,109,0,6,0,0,2437.459049,500.925926,7,0,0,767167.8,26133.52,8,0,0,121,0,9A,0,0,1.601036,0,9B,0,0,2.5,0,9C,0,0,1,0,10A,0,0,0.0079,106.088,10B,0,0,13.1377,198.4138,10C,0,0,19.4725,238.52,10D,0,0,30,150,10E,0,0,934,52,10F,0,0,2328,27,10G,0,0,142,9,10H,0,0,341810.65,4650,10I,0,0,947,38,TracyYoung,CEO
63085,2019-03-31,Amanda Logan,Corporate Counsel,15 Bull Street,#200,Savannah,Ga,31401,2685,9125032826,8665914638,0,1,0,0,0,106,2,0,0,0,110,3,0,0,0,0,4,0,0,0,0,5,0,0,0,0,6,0,0,0,1952.246486,7,0,0,0,172610.3,8,0,0,0,21,9A,0,0,0,0,9B,0,0,0,0,9C,0,0,0,0,10A,0,0,0,34.2028,10B,0,0,0,72.7723,10C,0,0,0,267,10D,0,0,,150,10E,0,0,0,300,10F,0,0,0,175,10G,0,0,0,29,10H,0,0,0,42713.59,10I,0,0,0,259,TracyYoung,CEO
63086,2019-03-31,Amanda Logan,Corporate Counsel,15 Bull Street,#200,Savannah,Ga,31401,2685,9125032826,8665914638,0,1,0,0,0,186,2,0,0,0,192,3,0,0,0,3,4,0,0,0,3,5,0,0,0,0,6,0,0,0,1217.428394,7,0,0,0,258287.1,8,0,0,0,36,9A,0,0,0,1,9B,0,0,0,1,9C,0,0,0,1,10A,0,0,0,49.8581,10B,0,0,0,78.2683,10C,0,0,0,268.78,10D,0,0,,150,10E,0,0,0,622,10F,0,0,0,354,10G,0,0,0,50,10H,0,0,0,46141.5,10I,0,0,0,509,TracyYoung,CEO
63088,2019-03-31,Amanda Logan,Corporate Counsel,15 Bull Street,#200,Savannah,Ga,31401,2685,9125032826,8665914638,0,1,0,0,207,22,2,0,0,273,24,3,0,0,229,0,4,0,0,123,0,5,0,0,75,0,6,0,0,1370.930073,420.833333,7,0,0,325383.38,20855.13,8,0,0,52,0,9A,0,0,1.804878,0,9B,0,0,3.5,0,9C,0,0,2,0,10A,0,0,0.0081,189.392,10B,0,0,13.102,202.2814,10C,0,0,19.3089,243.86,10D,0,0,30,150,10E,0,0,518,25,10F,0,0,1266,24,10G,0,0,93,5,10H,0,0,161601.09,2075,10I,0,0,468,31,TracyYoung,CEO
63089,2019-03-31,Amanda Logan,Corporate Counsel,15 Bull Street,#200,Savannah,Ga,31401,2685,9125032826,8665914638,0,1,0,0,128,7,2,0,0,144,7,3,0,0,133,0,4,0,0,71,0,5,0,0,38,0,6,0,0,1895.021806,375,7,0,0,217500.59,4607.93,8,0,0,17,0,9A,0,0,1.830986,0,9B,0,0,3,0,9C,0,0,1,0,10A,0,0,1.2998,92.6084,10B,0,0,12.1889,179.8374,10C,0,0,20.1852,199.36,10D,0,0,30,150,10E,0,0,513,10,10F,0,0,1157,7,10G,0,0,75,0,10H,0,0,106046.85,0,10I,0,0,475,14,TracyYoung,CEO
63090,2019-03-31,Amanda Logan,Corporate Counsel,15 Bull Street,#200,Savannah,Ga,31401,2685,9125032826,8665914638,0,1,0,0,0,273,2,0,0,0,283,3,0,0,0,0,4,0,0,0,0,5,0,0,0,0,6,0,0,0,1195.042254,7,0,0,0,337586.26,8,0,0,0,45,9A,0,0,0,1,9B,0,0,0,1,9C,0,0,0,1,10A,0,0,0,50.0076,10B,0,0,0,85.9747,10C,0,0,0,224.99,10D,0,0,,150,10E,0,0,0,625,10F,0,0,0,422,10G,0,0,0,78,10H,0,0,0,65471.93,10I,0,0,0,562,TracyYoung,CEO
63091,2019-03-31,Amanda Logan,Corporate Counsel,15 Bull Street,#200,Savannah,Ga,31401,2685,9125032826,8665914638,0,1,0,0,192,0,2,0,0,237,0,3,0,0,213,0,4,0,0,111,0,5,0,0,68,0,6,0,0,1499.546569,0,7,0,0,394868.41,0,8,0,0,64,0,9A,0,0,1.872727,0,9B,0,0,3.5,0,9C,0,0,2,0,10A,0,0,0.9997,0,10B,0,0,13.0352,0,10C,0,0,19.4725,0,10D,0,0,30,,10E,0,0,582,0,10F,0,0,1357,0,10G,0,0,68,0,10H,0,0,123360.17,0,10I,0,0,544,0,TracyYoung,CEO
63092,2019-03-31,Amanda Logan,Corporate Counsel,15 Bull Street,#200,Savannah,Ga,31401,2685,9125032826,8665914638,0,1,0,0,241,12,2,0,0,296,14,3,0,0,208,0,4,0,0,116,0,5,0,0,69,0,6,0,0,1272.141313,376.785714,7,0,0,375885.18,8940.3,8,0,0,63,0,9A,0,0,1.715517,0,9B,0,0,3.5,0,9C,0,0,1,0,10A,0,0,0.009,91.98,10B,0,0,14.074,183.2564,10C,0,0,21.26,243.86,10D,0,0,30,150,10E,0,0,755,25,10F,0,0,1802,14,10G,0,0,130,2,10H,0,0,170194.24,550,10I,0,0,697,23,TracyYoung,CEO
63145,2019-03-31,Amanda Logan,Corporate Counsel,15 Bull Street,#200,Savannah,Ga,31401,2685,9125032826,8665914638,0,1,0,0,247,0,2,0,0,302,0,3,0,0,201,0,4,0,0,123,0,5,0,0,61,0,6,0,0,1475.119536,0,7,0,0,406830.51,0,8,0,0,68,0,9A,0,0,1.606557,0,9B,0,0,3,0,9C,0,0,1,0,10A,0,0,8.9899,0,10B,0,0,13.9121,0,10C,0,0,21.9467,0,10D,0,0,30,,10E,0,0,707,0,10F,0,0,1712,0,10G,0,0,119,0,10H,0,0,189883.25,0,10I,0,0,652,0,TracyYoung,CEO
63353,2019-03-31,Amanda Logan,Corporate Counsel,15 Bull Street,#200,Savannah,Ga,31401,2685,9125032826,8665914638,0,1,0,0,0,151,2,0,0,0,153,3,0,0,0,0,4,0,0,0,0,5,0,0,0,0,6,0,0,0,1323.517386,7,0,0,0,219927.52,8,0,0,0,36,9A,0,0,0,0,9B,0,0,0,0,9C,0,0,0,0,10A,0,0,0,50.3369,10B,0,0,0,80.0065,10C,0,0,0,245.64,10D,0,0,,150,10E,0,0,0,459,10F,0,0,0,250,10G,0,0,0,34,10H,0,0,0,39269.83,10I,0,0,0,413,TracyYoung,CEO
63354,2019-03-31,Amanda Logan,Corporate Counsel,15 Bull Street,#200,Savannah,Ga,31401,2685,9125032826,8665914638,0,1,0,0,0,142,2,0,0,0,148,3,0,0,0,0,4,0,0,0,0,5,0,0,0,0,6,0,0,0,1509.978255,7,0,0,0,233022.98,8,0,0,0,38,9A,0,0,0,0,9B,0,0,0,0,9C,0,0,0,0,10A,0,0,0,49.0839,10B,0,0,0,82.9546,10C,0,0,0,226.416,10D,0,0,,150,10E,0,0,0,472,10F,0,0,0,261,10G,0,0,0,34,10H,0,0,0,38408.63,10I,0,0,0,412,TracyYoung,CEO
63541,2019-03-31,Amanda Logan,Corporate Counsel,15 Bull Street,#200,Savannah,Ga,31401,2685,9125032826,8665914638,0,1,0,0,161,7,2,0,0,203,9,3,0,0,117,0,4,0,0,76,0,5,0,0,35,0,6,0,0,1780.707696,430.555556,7,0,0,332413.37,8709.9,8,0,0,62,0,9A,0,0,1.44,0,9B,0,0,2,0,9C,0,0,1,0,10A,0,0,6.9899,180.848,10B,0,0,13.8519,200.0701,10C,0,0,20.955,217.8697,10D,0,0,30,150,10E,0,0,474,10,10F,0,0,1076,10,10G,0,0,87,3,10H,0,0,162309.45,1400,10I,0,0,413,12,TracyYoung,CEO
63542,2019-03-31,Amanda Logan,Corporate Counsel,15 Bull Street,#200,Savannah,Ga,31401,2685,9125032826,8665914638,0,1,0,0,0,113,2,0,0,0,117,3,0,0,0,0,4,0,0,0,0,5,0,0,0,0,6,0,0,0,1626.882542,7,0,0,0,194578.87,8,0,0,1,21,9A,0,0,0,0,9B,0,0,0,0,9C,0,0,0,0,10A,0,0,0,49.3497,10B,0,0,0,77.513,10C,0,0,0,210.752,10D,0,0,,150,10E,0,0,0,291,10F,0,0,0,191,10G,0,0,0,24,10H,0,0,0,23398.92,10I,0,0,0,268,TracyYoung,CEO
63543,2019-03-31,Amanda Logan,Corporate Counsel,15 Bull Street,#200,Savannah,Ga,31401,2685,9125032826,8665914638,0,1,0,0,0,185,2,0,0,0,188,3,0,0,0,0,4,0,0,0,0,5,0,0,0,0,6,0,0,0,1208.907158,7,0,0,0,225216.45,8,0,0,0,24,9A,0,0,0,0,9B,0,0,0,0,9C,0,0,0,0,10A,0,0,0,50.008,10B,0,0,0,88.2605,10C,0,0,0,229.62,10D,0,0,,150,10E,0,0,0,412,10F,0,0,0,271,10G,0,0,0,34,10H,0,0,0,32526.87,10I,0,0,0,418,TracyYoung,CEO
63545,2019-03-31,Amanda Logan,Corporate Counsel,15 Bull Street,#200,Savannah,Ga,31401,2685,9125032826,8665914638,0,1,0,0,101,10,2,0,0,111,10,3,0,0,70,0,4,0,0,39,0,5,0,0,21,0,6,0,0,1477.134775,377.5,7,0,0,165745.25,7272.39,8,0,0,40,0,9A,0,0,1.692308,0,9B,0,0,2.5,0,9C,0,0,1,0,10A,0,0,7.9899,90.72,10B,0,0,13.4793,196.0422,10C,0,0,21.1105,256.32,10D,0,0,30,150,10E,0,0,330,15,10F,0,0,678,10,10G,0,0,50,0,10H,0,0,82770.61,0,10I,0,0,294,16,TracyYoung,CEO
63548,2019-03-31,Amanda Logan,Corporate Counsel,15 Bull Street,#200,Savannah,Ga,31401,2685,9125032826,8665914638,0,1,0,0,177,10,2,0,0,206,10,3,0,0,153,0,4,0,0,87,0,5,0,0,50,0,6,0,0,1533.717923,387.5,7,0,0,294468.83,9068.77,8,0,0,42,0,9A,0,0,1.697674,0,9B,0,0,3,0,9C,0,0,2,0,10A,0,0,8.9873,116.8645,10B,0,0,13.9496,200.1776,10C,0,0,19.4725,243.86,10D,0,0,30,150,10E,0,0,465,17,10F,0,0,1088,11,10G,0,0,86,3,10H,0,0,148233.18,1075,10I,0,0,438,16,TracyYoung,CEO
63722,2019-03-31,Amanda Logan,Corporate Counsel,15 Bull Street,#200,Savannah,Ga,31401,2685,9125032826,8665914638,0,1,0,0,0,105,2,0,0,0,110,3,0,0,0,0,4,0,0,0,0,5,0,0,0,0,6,0,0,0,1186.596727,7,0,0,0,134420.86,8,0,0,0,21,9A,0,0,0,0,9B,0,0,0,0,9C,0,0,0,0,10A,0,0,0,48.9443,10B,0,0,0,81.9697,10C,0,0,0,249.2,10D,0,0,,150,10E,0,0,0,359,10F,0,0,0,180,10G,0,0,0,35,10H,0,0,0,30406.17,10I,0,0,0,265,TracyYoung,CEO
63723,2019-03-31,Amanda Logan,Corporate Counsel,15 Bull Street,#200,Savannah,Ga,31401,2685,9125032826,8665914638,0,1,0,0,136,8,2,0,0,159,8,3,0,0,132,0,4,0,0,79,0,5,0,0,43,0,6,0,0,1617.669937,503.125,7,0,0,247768.92,7781.8,8,0,0,46,0,9A,0,0,1.628205,0,9B,0,0,2.5,0,9C,0,0,1,0,10A,0,0,3.9899,183.695,10B,0,0,13.4766,193.1299,10C,0,0,24.4971,203.632,10D,0,0,30,150,10E,0,0,440,13,10F,0,0,1005,8,10G,0,0,59,1,10H,0,0,91804.13,625,10I,0,0,401,15,TracyYoung,CEO
63725,2019-03-31,Amanda Logan,Corporate Counsel,15 Bull Street,#200,Savannah,Ga,31401,2685,9125032826,8665914638,0,1,0,0,200,11,2,0,0,226,12,3,0,0,202,0,4,0,0,115,0,5,0,0,65,0,6,0,0,1635.456814,416.666667,7,0,0,422130.39,10844.32,8,0,0,67,0,9A,0,0,1.684211,0,9B,0,0,3,0,9C,0,0,1,0,10A,0,0,0.0999,185.12,10B,0,0,13.8402,201.6596,10C,0,0,20.2557,215.022,10D,0,0,30,150,10E,0,0,757,11,10F,0,0,1858,13,10G,0,0,101,5,10H,0,0,131642.99,1950,10I,0,0,704,14,TracyYoung,CEO
63726,2019-03-31,Amanda Logan,Corporate Counsel,15 Bull Street,#200,Savannah,Ga,31401,2685,9125032826,8665914638,0,1,0,0,360,14,2,0,0,406,16,3,0,0,301,1,4,0,0,179,1,5,0,0,90,0,6,0,0,2154.242808,523.4375,7,0,0,857358.9,16484.71,8,0,0,108,0,9A,0,0,1.621469,0,9B,0,0,2.5,0,9C,0,0,1,0,10A,0,0,0.0005,98.9674,10B,0,0,13.4951,199.4705,10C,0,0,19.9667,254.54,10D,0,0,30,150,10E,0,0,1239,12,10F,0,0,2882,17,10G,0,0,168,3,10H,0,0,317741.46,650,10I,0,0,1201,16,TracyYoung,CEO
63727,2019-03-31,Amanda Logan,Corporate Counsel,15 Bull Street,#200,Savannah,Ga,31401,2685,9125032826,8665914638,0,1,0,0,162,10,2,0,0,193,10,3,0,0,134,0,4,0,0,81,0,5,0,0,37,0,6,0,0,1589.452694,462.5,7,0,0,290996.87,8810.64,8,0,0,47,0,9A,0,0,1.544304,0,9B,0,0,2.5,0,9C,0,0,1,0,10A,0,0,7.99,107.324,10B,0,0,13.6396,199.5183,10C,0,0,21.2833,283.02,10D,0,0,30,150,10E,0,0,550,13,10F,0,0,1243,10,10G,0,0,88,1,10H,0,0,151756.81,1100,10I,0,0,495,15,TracyYoung,CEO
63796,2019-03-31,Amanda Logan,Corporate Counsel,15 Bull Street,#200,Savannah,Ga,31401,2685,9125032826,8665914638,0,1,0,0,0,145,2,0,0,0,147,3,0,0,0,0,4,0,0,0,0,5,0,0,0,0,6,0,0,0,1340.231837,7,0,0,0,220599.13,8,0,0,0,29,9A,0,0,0,0,9B,0,0,0,0,9C,0,0,0,0,10A,0,0,0,54.2997,10B,0,0,0,88.4516,10C,0,0,0,261.6598,10D,0,0,,150,10E,0,0,0,493,10F,0,0,0,258,10G,0,0,0,25,10H,0,0,0,19379.01,10I,0,0,0,428,TracyYoung,CEO
63797,2019-03-31,Amanda Logan,Corporate Counsel,15 Bull Street,#200,Savannah,Ga,31401,2685,9125032826,8665914638,0,1,0,0,0,197,2,0,0,0,201,3,0,0,0,1,4,0,0,0,1,5,0,0,0,0,6,0,0,0,875.499801,7,0,0,0,191973.42,8,0,0,0,38,9A,0,0,0,1,9B,0,0,0,1,9C,0,0,0,1,10A,0,0,0,53.5756,10B,0,0,0,88.8033,10C,0,0,0,256.32,10D,0,0,,150,10E,0,0,0,564,10F,0,0,0,295,10G,0,0,0,46,10H,0,0,0,36635.57,10I,0,0,0,455,TracyYoung,CEO
63798,2019-03-31,Amanda Logan,Corporate Counsel,15 Bull Street,#200,Savannah,Ga,31401,2685,9125032826,8665914638,0,1,0,0,171,6,2,0,0,216,6,3,0,0,156,0,4,0,0,91,0,5,0,0,44,0,6,0,0,1655.738028,737.5,7,0,0,324466.82,13492.73,8,0,0,11,0,9A,0,0,1.7,0,9B,0,0,3,0,9C,0,0,1,0,10A,0,0,0.0088,88.8278,10B,0,0,12.148,193.9536,10C,0,0,19.9667,250.98,10D,0,0,30,150,10E,0,0,581,11,10F,0,0,1382,8,10G,0,0,72,1,10H,0,0,103281.44,2000,10I,0,0,569,10,TracyYoung,CEO
63799,2019-03-31,Amanda Logan,Corporate Counsel,15 Bull Street,#200,Savannah,Ga,31401,2685,9125032826,8665914638,0,1,0,0,63,4,2,0,0,84,4,3,0,0,64,0,4,0,0,33,0,5,0,0,22,0,6,0,0,1440.421529,700,7,0,0,108049.16,5631.91,8,0,0,18,0,9A,0,0,1.875,0,9B,0,0,2.5,0,9C,0,0,1,0,10A,0,0,4.99,192.24,10B,0,0,13.6351,202.9194,10C,0,0,19.354,219.295,10D,0,0,30,150,10E,0,0,158,3,10F,0,0,416,4,10G,0,0,39,1,10H,0,0,65275.68,1500,10I,0,0,143,4,TracyYoung,CEO
63811,2019-03-31,Amanda Logan,Corporate Counsel,15 Bull Street,#200,Savannah,Ga,31401,2685,9125032826,8665914638,0,1,0,0,124,4,2,0,0,149,4,3,0,0,113,0,4,0,0,68,0,5,0,0,33,0,6,0,0,1644.053423,356.25,7,0,0,246354.79,3347.46,8,0,0,45,0,9A,0,0,1.558824,0,9B,0,0,2.5,0,9C,0,0,1,0,10A,0,0,0.9997,186.5435,10B,0,0,13.5319,193.6634,10C,0,0,20.955,200.7833,10D,0,0,30,150,10E,0,0,418,8,10F,0,0,960,4,10G,0,0,81,0,10H,0,0,128204.61,0,10I,0,0,388,6,TracyYoung,CEO
63870,2019-03-31,Amanda Logan,Corporate Counsel,15 Bull Street,#200,Savannah,Ga,31401,2685,9125032826,8665914638,0,1,0,0,0,120,2,0,0,0,124,3,0,0,0,0,4,0,0,0,0,5,0,0,0,0,6,0,0,0,1433.13632,7,0,0,0,171912.63,8,0,0,0,16,9A,0,0,0,0,9B,0,0,0,0,9C,0,0,0,0,10A,0,0,0,41.6003,10B,0,0,0,78.5504,10C,0,0,0,219.296,10D,0,0,,150,10E,0,0,0,490,10F,0,0,0,232,10G,0,0,0,39,10H,0,0,0,54035.78,10I,0,0,0,377,TracyYoung,CEO
63871,2019-03-31,Amanda Logan,Corporate Counsel,15 Bull Street,#200,Savannah,Ga,31401,2685,9125032826,8665914638,0,1,0,0,157,11,2,0,0,196,11,3,0,0,141,0,4,0,0,77,0,5,0,0,44,0,6,0,0,1541.043724,320.454545,7,0,0,270936.04,7304.38,8,0,0,56,0,9A,0,0,1.75,0,9B,0,0,2.5,0,9C,0,0,1,0,10A,0,0,5.9899,187.9667,10B,0,0,13.3586,205.7023,10C,0,0,19.223,227.84,10D,0,0,30,150,10E,0,0,504,34,10F,0,0,1158,11,10G,0,0,93,2,10H,0,0,147461.1,750,10I,0,0,453,28,TracyYoung,CEO
63872,2019-03-31,Amanda Logan,Corporate Counsel,15 Bull Street,#200,Savannah,Ga,31401,2685,9125032826,8665914638,0,1,0,0,230,14,2,0,0,285,16,3,0,0,193,0,4,0,0,108,0,5,0,0,63,0,6,0,0,1544.570868,395.3125,7,0,0,435826.21,14523.35,8,0,0,75,0,9A,0,0,1.716981,0,9B,0,0,3,0,9C,0,0,1,0,10A,0,0,0.0095,180.8475,10B,0,0,13.4297,199.4383,10C,0,0,20.955,224.99,10D,0,0,30,150,10E,0,0,799,39,10F,0,0,1771,18,10G,0,0,134,2,10H,0,0,210246.13,625,10I,0,0,722,33,TracyYoung,CEO
63873,2019-03-31,Amanda Logan,Corporate Counsel,15 Bull Street,#200,Savannah,Ga,31401,2685,9125032826,8665914638,0,1,0,0,0,116,2,0,0,0,121,3,0,0,0,0,4,0,0,0,0,5,0,0,0,0,6,0,0,0,1074.647107,7,0,0,0,139023.75,8,0,0,0,36,9A,0,0,0,1,9B,0,0,0,1,9C,0,0,0,1,10A,0,0,0,34.4994,10B,0,0,0,80.2749,10C,0,0,0,213.6,10D,0,0,,150,10E,0,0,0,339,10F,0,0,0,192,10G,0,0,0,24,10H,0,0,0,18992.23,10I,0,0,0,302,TracyYoung,CEO
63874,2019-03-31,Amanda Logan,Corporate Counsel,15 Bull Street,#200,Savannah,Ga,31401,2685,9125032826,8665914638,0,1,0,0,0,94,2,0,0,0,95,3,0,0,0,0,4,0,0,0,0,5,0,0,0,0,6,0,0,0,1393.144737,7,0,0,0,142938.35,8,0,0,0,12,9A,0,0,0,1,9B,0,0,0,1,9C,0,0,0,1,10A,0,0,0,52.1516,10B,0,0,0,85.9287,10C,0,0,0,209.328,10D,0,0,,150,10E,0,0,0,276,10F,0,0,0,156,10G,0,0,0,15,10H,0,0,0,14903.69,10I,0,0,0,248,TracyYoung,CEO
63875,2019-03-31,Amanda Logan,Corporate Counsel,15 Bull Street,#200,Savannah,Ga,31401,2685,9125032826,8665914638,0,1,0,0,0,94,2,0,0,0,97,3,0,0,0,0,4,0,0,0,0,5,0,0,0,0,6,0,0,0,1437.264742,7,0,0,0,144360.75,8,0,0,0,25,9A,0,0,0,1,9B,0,0,0,1,9C,0,0,0,1,10A,0,0,0,48.7945,10B,0,0,0,75.731,10C,0,0,0,226.415,10D,0,0,,150,10E,0,0,0,327,10F,0,0,0,173,10G,0,0,0,30,10H,0,0,0,43652.88,10I,0,0,0,260,TracyYoung,CEO
63996,2019-03-31,Amanda Logan,Corporate Counsel,15 Bull Street,#200,Savannah,Ga,31401,2685,9125032826,8665914638,0,1,0,0,0,98,2,0,0,0,101,3,0,0,0,0,4,0,0,0,0,5,0,0,0,0,6,0,0,0,839.424752,7,0,0,0,96537.05,8,0,0,0,33,9A,0,0,0,0,9B,0,0,0,0,9C,0,0,0,0,10A,0,0,0,54.2388,10B,0,0,0,84.7594,10C,0,0,0,207.9033,10D,0,0,,150,10E,0,0,0,297,10F,0,0,0,158,10G,0,0,0,16,10H,0,0,0,8835.33,10I,0,0,0,235,TracyYoung,CEO
63997,2019-03-31,Amanda Logan,Corporate Counsel,15 Bull Street,#200,Savannah,Ga,31401,2685,9125032826,8665914638,0,1,0,0,148,2,2,0,0,191,2,3,0,0,171,0,4,0,0,91,0,5,0,0,58,0,6,0,0,999.60776,450,7,0,0,254499.31,2591.67,8,0,0,30,0,9A,0,0,1.835165,0,9B,0,0,3,0,9C,0,0,2,0,10A,0,0,7.9894,192.24,10B,0,0,13.7492,206.4792,10C,0,0,19.176,219.2943,10D,0,0,30,150,10E,0,0,425,8,10F,0,0,1065,3,10G,0,0,57,0,10H,0,0,72101.96,0,10I,0,0,393,7,TracyYoung,CEO
63998,2019-03-31,Amanda Logan,Corporate Counsel,15 Bull Street,#200,Savannah,Ga,31401,2685,9125032826,8665914638,0,1,0,0,126,10,2,0,0,151,10,3,0,0,120,0,4,0,0,67,0,5,0,0,37,0,6,0,0,1463.277039,417.5,7,0,0,245918.91,9246.01,8,0,0,41,0,9A,0,0,1.701493,0,9B,0,0,3,0,9C,0,0,3,0,10A,0,0,7.9894,183.696,10B,0,0,13.9127,201.7801,10C,0,0,24.4995,227.84,10D,0,0,30,150,10E,0,0,421,10,10F,0,0,920,10,10G,0,0,50,1,10H,0,0,64730.11,750,10I,0,0,390,13,TracyYoung,CEO
63999,2019-03-31,Amanda Logan,Corporate Counsel,15 Bull Street,#200,Savannah,Ga,31401,2685,9125032826,8665914638,0,1,0,0,0,60,2,0,0,0,60,3,0,0,0,0,4,0,0,0,0,5,0,0,0,0,6,0,0,0,991.1,7,0,0,0,73171.27,8,0,0,0,16,9A,0,0,0,0,9B,0,0,0,0,9C,0,0,0,0,10A,0,0,0,54.3,10B,0,0,0,87.8174,10C,0,0,0,210.752,10D,0,0,,150,10E,0,0,0,230,10F,0,0,0,107,10G,0,0,0,11,10H,0,0,0,7546.22,10I,0,0,0,177,TracyYoung,CEO
64222,2019-03-31,Amanda Logan,Corporate Counsel,15 Bull Street,#200,Savannah,Ga,31401,2685,9125032826,8665914638,0,1,0,0,75,10,2,0,0,94,11,3,0,0,60,0,4,0,0,37,0,5,0,0,19,0,6,0,0,1266.198211,429.545455,7,0,0,133121.61,9613.28,8,0,0,17,0,9A,0,0,1.567568,0,9B,0,0,2,0,9C,0,0,1,0,10A,0,0,7.0291,99.6785,10B,0,0,14.2217,188.4418,10C,0,0,19.9667,207.9025,10D,0,0,30,150,10E,0,0,252,9,10F,0,0,558,12,10G,0,0,48,3,10H,0,0,54975.15,1475,10I,0,0,215,11,TracyYoung,CEO
64223,2019-03-31,Amanda Logan,Corporate Counsel,15 Bull Street,#200,Savannah,Ga,31401,2685,9125032826,8665914638,0,1,0,0,0,125,2,0,0,0,131,3,0,0,0,0,4,0,0,0,0,5,0,0,0,0,6,0,0,0,1470.749008,7,0,0,0,188551.89,8,0,0,0,29,9A,0,0,0,0,9B,0,0,0,0,9C,0,0,0,0,10A,0,0,0,49.8559,10B,0,0,0,80.1049,10C,0,0,0,209.3267,10D,0,0,,150,10E,0,0,0,413,10F,0,0,0,207,10G,0,0,0,24,10H,0,0,0,28488.1,10I,0,0,0,363,TracyYoung,CEO
64224,2019-03-31,Amanda Logan,Corporate Counsel,15 Bull Street,#200,Savannah,Ga,31401,2685,9125032826,8665914638,0,1,0,0,0,137,2,0,0,0,141,3,0,0,0,0,4,0,0,0,0,5,0,0,0,0,6,0,0,0,1090.470071,7,0,0,0,170803.78,8,0,0,2,28,9A,0,0,0,0,9B,0,0,0,0,9C,0,0,0,0,10A,0,0,0,49.7032,10B,0,0,0,85.0164,10C,0,0,0,223.568,10D,0,0,,150,10E,0,0,0,438,10F,0,0,0,236,10G,0,0,0,34,10H,0,0,0,32408.47,10I,0,0,0,376,TracyYoung,CEO
64226,2019-03-31,Amanda Logan,Corporate Counsel,15 Bull Street,#200,Savannah,Ga,31401,2685,9125032826,8665914638,0,1,0,0,116,3,2,0,0,135,3,3,0,0,122,0,4,0,0,62,0,5,0,0,42,0,6,0,0,1968.261095,333.333333,7,0,0,253610.8,1997.86,8,0,0,51,0,9A,0,0,1.83871,0,9B,0,0,3,0,9C,0,0,2,0,10A,0,0,5.9899,197.9333,10B,0,0,12.7604,199.8333,10C,0,0,19.9899,202.2067,10D,0,0,30,150,10E,0,0,417,7,10F,0,0,899,3,10G,0,0,50,0,10H,0,0,92401.11,0,10I,0,0,379,5,TracyYoung,CEO
64228,2019-03-31,Amanda Logan,Corporate Counsel,15 Bull Street,#200,Savannah,Ga,31401,2685,9125032826,8665914638,0,1,0,0,0,152,2,0,0,0,155,3,0,0,0,0,4,0,0,0,0,5,0,0,0,0,6,0,0,0,1151.916258,7,0,0,0,209469.92,8,0,0,1,26,9A,0,0,0,0,9B,0,0,0,0,9C,0,0,0,0,10A,0,0,0,54.2998,10B,0,0,0,81.2975,10C,0,0,0,205.056,10D,0,0,,150,10E,0,0,0,592,10F,0,0,0,307,10G,0,0,0,47,10H,0,0,0,27486,10I,0,0,0,478,TracyYoung,CEO
64230,2019-03-31,Amanda Logan,Corporate Counsel,15 Bull Street,#200,Savannah,Ga,31401,2685,9125032826,8665914638,0,1,0,0,0,159,2,0,0,0,162,3,0,0,0,0,4,0,0,0,0,5,0,0,0,0,6,0,0,0,1477.026768,7,0,0,0,222479.5,8,0,0,0,49,9A,0,0,0,0,9B,0,0,0,0,9C,0,0,0,0,10A,0,0,0,38.9238,10B,0,0,0,79.6399,10C,0,0,0,275.8988,10D,0,0,,150,10E,0,0,0,463,10F,0,0,0,256,10G,0,0,0,46,10H,0,0,0,33482.21,10I,0,0,0,393,TracyYoung,CEO
64231,2019-03-31,Amanda Logan,Corporate Counsel,15 Bull Street,#200,Savannah,Ga,31401,2685,9125032826,8665914638,0,1,0,0,244,14,2,0,0,277,15,3,0,0,228,0,4,0,0,128,0,5,0,0,71,0,6,0,0,1558.730251,445,7,0,0,428741.87,13493.08,8,0,0,49,0,9A,0,0,1.740157,0,9B,0,0,3.5,0,9C,0,0,1,0,10A,0,0,0.0087,192.24,10B,0,0,14.1244,207.0964,10C,0,0,19.4725,267,10D,0,0,30,150,10E,0,0,755,20,10F,0,0,1799,15,10G,0,0,114,1,10H,0,0,177316.97,200,10I,0,0,728,22,TracyYoung,CEO
64312,2019-03-31,Amanda Logan,Corporate Counsel,15 Bull Street,#200,Savannah,Ga,31401,2685,9125032826,8665914638,0,1,0,0,180,8,2,0,0,217,8,3,0,0,193,0,4,0,0,103,0,5,0,0,62,0,6,0,0,1538.927696,471.875,7,0,0,330581.01,8029.57,8,0,0,54,0,9A,0,0,1.735294,0,9B,0,0,3,0,9C,0,0,2,0,10A,0,0,6.9899,185.12,10B,0,0,13.4679,211.6862,10C,0,0,18.8371,263.44,10D,0,0,30,150,10E,0,0,527,11,10F,0,0,1220,8,10G,0,0,79,4,10H,0,0,114376.03,2700,10I,0,0,469,10,TracyYoung,CEO
64313,2019-03-31,Amanda Logan,Corporate Counsel,15 Bull Street,#200,Savannah,Ga,31401,2685,9125032826,8665914638,0,1,0,0,0,170,2,0,0,0,174,3,0,0,0,1,4,0,0,0,1,5,0,0,0,0,6,0,0,0,985.475886,7,0,0,0,190729.18,8,0,0,0,22,9A,0,0,0,1,9B,0,0,0,1,9C,0,0,0,1,10A,0,0,0,49.6785,10B,0,0,0,85.4253,10C,0,0,0,259.88,10D,0,0,,150,10E,0,0,0,454,10F,0,0,0,272,10G,0,0,0,44,10H,0,0,0,37456.75,10I,0,0,0,402,TracyYoung,CEO
64314,2019-03-31,Amanda Logan,Corporate Counsel,15 Bull Street,#200,Savannah,Ga,31401,2685,9125032826,8665914638,0,1,0,0,0,126,2,0,0,0,131,3,0,0,0,0,4,0,0,0,0,5,0,0,0,0,6,0,0,0,1292.721818,7,0,0,0,158224.46,8,0,0,0,26,9A,0,0,0,0,9B,0,0,0,0,9C,0,0,0,0,10A,0,0,0,53.5757,10B,0,0,0,83.6009,10C,0,0,0,219.2947,10D,0,0,,150,10E,0,0,0,342,10F,0,0,0,192,10G,0,0,0,25,10H,0,0,0,23466.86,10I,0,0,0,299,TracyYoung,CEO
64376,2019-03-31,Amanda Logan,Corporate Counsel,15 Bull Street,#200,Savannah,Ga,31401,2685,9125032826,8665914638,0,1,0,0,0,153,2,0,0,0,159,3,0,0,0,0,4,0,0,0,0,5,0,0,0,0,6,0,0,0,1658.1875,7,0,0,0,253405.18,8,0,0,0,29,9A,0,0,0,1,9B,0,0,0,1,9C,0,0,0,1,10A,0,0,0,53.5752,10B,0,0,0,77.4272,10C,0,0,0,243.86,10D,0,0,,150,10E,0,0,0,533,10F,0,0,0,291,10G,0,0,0,41,10H,0,0,0,37935.61,10I,0,0,0,446,TracyYoung,CEO
64615,2019-03-31,Amanda Logan,Corporate Counsel,15 Bull Street,#200,Savannah,Ga,31401,2685,9125032826,8665914638,0,1,0,0,120,5,2,0,0,151,7,3,0,0,90,0,4,0,0,56,0,5,0,0,24,0,6,0,0,1862.364934,356.25,7,0,0,212304.01,5136.35,8,0,0,42,0,9A,0,0,1.6,0,9B,0,0,2.5,0,9C,0,0,1,0,10A,0,0,4.9899,190.815,10B,0,0,11.6536,210.9885,10C,0,0,19.7456,270.56,10D,0,0,30,150,10E,0,0,302,11,10F,0,0,681,7,10G,0,0,38,2,10H,0,0,90865.94,500,10I,0,0,305,7,TracyYoung,CEO
64617,2019-03-31,Amanda Logan,Corporate Counsel,15 Bull Street,#200,Savannah,Ga,31401,2685,9125032826,8665914638,0,1,0,0,0,103,2,0,0,0,103,3,0,0,0,0,4,0,0,0,0,5,0,0,0,0,6,0,0,0,1446.404423,7,0,0,0,162245.42,8,0,0,0,13,9A,0,0,0,0,9B,0,0,0,0,9C,0,0,0,0,10A,0,0,0,51.1665,10B,0,0,0,79.381,10C,0,0,0,224.9891,10D,0,0,,150,10E,0,0,0,358,10F,0,0,0,190,10G,0,0,0,26,10H,0,0,0,27561.56,10I,0,0,0,311,TracyYoung,CEO
64665,2019-03-31,Amanda Logan,Corporate Counsel,15 Bull Street,#200,Savannah,Ga,31401,2685,9125032826,8665914638,0,1,0,0,0,105,2,0,0,0,107,3,0,0,0,1,4,0,0,0,1,5,0,0,0,0,6,0,0,0,1305.983364,7,0,0,0,141873.05,8,0,0,0,27,9A,0,0,0,1,9B,0,0,0,1,9C,0,0,0,1,10A,0,0,0,46.4215,10B,0,0,0,71.654,10C,0,0,0,252.76,10D,0,0,,150,10E,0,0,0,403,10F,0,0,0,191,10G,0,0,0,24,10H,0,0,0,24718.47,10I,0,0,0,341,TracyYoung,CEO
64773,2019-03-31,Amanda Logan,Corporate Counsel,15 Bull Street,#200,Savannah,Ga,31401,2685,9125032826,8665914638,0,1,0,0,0,94,2,0,0,0,95,3,0,0,0,0,4,0,0,0,0,5,0,0,0,0,6,0,0,0,1295.334211,7,0,0,0,134895.54,8,0,0,0,21,9A,0,0,0,0,9B,0,0,0,0,9C,0,0,0,0,10A,0,0,0,55.0235,10B,0,0,0,84.7582,10C,0,0,0,227.84,10D,0,0,,150,10E,0,0,0,251,10F,0,0,0,157,10G,0,0,0,19,10H,0,0,0,19078.21,10I,0,0,0,220,TracyYoung,CEO
64774,2019-03-31,Amanda Logan,Corporate Counsel,15 Bull Street,#200,Savannah,Ga,31401,2685,9125032826,8665914638,0,1,0,0,0,189,2,0,0,0,192,3,0,0,0,0,4,0,0,0,0,5,0,0,0,0,6,0,0,0,1120.822083,7,0,0,0,229195.19,8,0,0,0,45,9A,0,0,0,1,9B,0,0,0,1,9C,0,0,0,1,10A,0,0,0,53.5757,10B,0,0,0,81.0812,10C,0,0,0,222.144,10D,0,0,,150,10E,0,0,0,565,10F,0,0,0,304,10G,0,0,0,43,10H,0,0,0,40352.38,10I,0,0,0,464,TracyYoung,CEO
65075,2019-03-31,Amanda Logan,Corporate Counsel,15 Bull Street,#200,Savannah,Ga,31401,2685,9125032826,8665914638,0,1,0,0,123,14,2,0,0,147,15,3,0,0,131,0,4,0,0,71,0,5,0,0,44,0,6,0,0,1639.970612,405,7,0,0,259213.55,14529.29,8,0,0,27,0,9A,0,0,1.704225,0,9B,0,0,2.5,0,9C,0,0,2,0,10A,0,0,6.9893,190.8133,10B,0,0,13.743,198.2024,10C,0,0,19.176,209.328,10D,0,0,30,150,10E,0,0,411,24,10F,0,0,959,16,10G,0,0,71,3,10H,0,0,125978.47,950,10I,0,0,367,18,TracyYoung,CEO
65094,2019-03-31,Amanda Logan,Corporate Counsel,15 Bull Street,#200,Savannah,Ga,31401,2685,9125032826,8665914638,0,1,0,0,117,7,2,0,0,141,7,3,0,0,112,0,4,0,0,67,0,5,0,0,30,0,6,0,0,1427.572908,350,7,0,0,181258.46,4927.02,8,0,0,16,0,9A,0,0,1.646154,0,9B,0,0,3,0,9C,0,0,1,0,10A,0,0,1.9989,190.8133,10B,0,0,13.5367,200.1728,10C,0,0,19.9667,207.904,10D,0,0,30,150,10E,0,0,353,10,10F,0,0,865,7,10G,0,0,66,1,10H,0,0,70459.14,300,10I,0,0,338,11,TracyYoung,CEO
65198,2019-03-31,Amanda Logan,Corporate Counsel,15 Bull Street,#200,Savannah,Ga,31401,2685,9125032826,8665914638,0,1,0,0,0,129,2,0,0,0,130,3,0,0,0,0,4,0,0,0,0,5,0,0,0,0,6,0,0,0,1118.974769,7,0,0,0,150718.01,8,0,0,0,14,9A,0,0,0,0,9B,0,0,0,0,9C,0,0,0,0,10A,0,0,0,47.1119,10B,0,0,0,79.7758,10C,0,0,0,227.84,10D,0,0,,150,10E,0,0,0,426,10F,0,0,0,207,10G,0,0,0,33,10H,0,0,0,29269.05,10I,0,0,0,334,TracyYoung,CEO
65199,2019-03-31,Amanda Logan,Corporate Counsel,15 Bull Street,#200,Savannah,Ga,31401,2685,9125032826,8665914638,0,1,0,0,0,105,2,0,0,0,107,3,0,0,0,0,4,0,0,0,0,5,0,0,0,0,6,0,0,0,1236.533738,7,0,0,0,136770.56,8,0,0,0,23,9A,0,0,0,0,9B,0,0,0,0,9C,0,0,0,0,10A,0,0,0,49.2,10B,0,0,0,80.184,10C,0,0,0,227.84,10D,0,0,,150,10E,0,0,0,320,10F,0,0,0,177,10G,0,0,0,34,10H,0,0,0,24536.22,10I,0,0,0,243,TracyYoung,CEO
65200,2019-03-31,Amanda Logan,Corporate Counsel,15 Bull Street,#200,Savannah,Ga,31401,2685,9125032826,8665914638,0,1,0,0,268,16,2,0,0,322,16,3,0,0,286,0,4,0,0,156,0,5,0,0,95,0,6,0,0,1801.924092,423.4375,7,0,0,580458.48,16994.83,8,0,0,63,0,9A,0,0,1.806452,0,9B,0,0,3,0,9C,0,0,2,0,10A,0,0,4.9997,186.5425,10B,0,0,13.4996,209.4737,10C,0,0,20.4625,261.6584,10D,0,0,30,150,10E,0,0,742,19,10F,0,0,1902,17,10G,0,0,134,4,10H,0,0,269556.63,1600,10I,0,0,696,23,TracyYoung,CEO
65546,2019-03-31,Amanda Logan,Corporate Counsel,15 Bull Street,#200,Savannah,Ga,31401,2685,9125032826,8665914638,0,1,0,0,0,100,2,0,0,0,104,3,0,0,0,0,4,0,0,0,0,5,0,0,0,0,6,0,0,0,1746.629714,7,0,0,0,175237.34,8,0,0,0,30,9A,0,0,0,0,9B,0,0,0,0,9C,0,0,0,0,10A,0,0,0,48.5427,10B,0,0,0,73.8234,10C,0,0,0,226.416,10D,0,0,,150,10E,0,0,0,410,10F,0,0,0,200,10G,0,0,0,32,10H,0,0,0,38212.55,10I,0,0,0,286,TracyYoung,CEO
65547,2019-03-31,Amanda Logan,Corporate Counsel,15 Bull Street,#200,Savannah,Ga,31401,2685,9125032826,8665914638,0,1,0,0,114,9,2,0,0,147,10,3,0,0,120,0,4,0,0,70,0,5,0,0,38,0,6,0,0,1149.728784,395,7,0,0,191219.86,7818.1,8,0,0,38,0,9A,0,0,1.666667,0,9B,0,0,2.5,0,9C,0,0,1,0,10A,0,0,0.009,185.12,10B,0,0,14.1103,199.5017,10C,0,0,20.7877,217.87,10D,0,0,30,150,10E,0,0,397,18,10F,0,0,901,10,10G,0,0,71,2,10H,0,0,94312.86,300,10I,0,0,338,18,TracyYoung,CEO
65719,2019-03-31,Amanda Logan,Corporate Counsel,15 Bull Street,#200,Savannah,Ga,31401,2685,9125032826,8665914638,0,1,0,0,138,9,2,0,0,186,9,3,0,0,117,0,4,0,0,71,0,5,0,0,32,0,6,0,0,1460.903333,400,7,0,0,223715.68,6974.01,8,0,0,26,0,9A,0,0,1.577465,0,9B,0,0,2.5,0,9C,0,0,1,0,10A,0,0,0.0097,186.5422,10B,0,0,12.4892,192.8717,10C,0,0,19.4725,202.208,10D,0,0,30,150,10E,0,0,356,5,10F,0,0,900,9,10G,0,0,59,1,10H,0,0,92326.24,300,10I,0,0,345,8,TracyYoung,CEO
65720,2019-03-31,Amanda Logan,Corporate Counsel,15 Bull Street,#200,Savannah,Ga,31401,2685,9125032826,8665914638,0,1,0,0,140,10,2,0,0,167,11,3,0,0,147,0,4,0,0,84,0,5,0,0,42,0,6,0,0,1311.722857,443.181818,7,0,0,264632.2,9737.51,8,0,0,26,0,9A,0,0,1.707317,0,9B,0,0,3,0,9C,0,0,1,0,10A,0,0,4.9991,86.9394,10B,0,0,14.0588,180.3194,10C,0,0,20.6864,205.056,10D,0,0,30,150,10E,0,0,458,26,10F,0,0,1138,12,10G,0,0,85,2,10H,0,0,116134.91,500,10I,0,0,428,21,TracyYoung,CEO
65721,2019-03-31,Amanda Logan,Corporate Counsel,15 Bull Street,#200,Savannah,Ga,31401,2685,9125032826,8665914638,0,1,0,0,199,10,2,0,0,242,11,3,0,0,158,0,4,0,0,88,0,5,0,0,53,0,6,0,0,1541.249835,347.727273,7,0,0,340810.17,8825.85,8,0,0,71,0,9A,0,0,1.727273,0,9B,0,0,2,0,9C,0,0,2,0,10A,0,0,0.0094,187.9673,10B,0,0,13.9423,203.2749,10C,0,0,19.6667,222.1418,10D,0,0,30,150,10E,0,0,710,29,10F,0,0,1484,12,10G,0,0,100,3,10H,0,0,150604.89,675,10I,0,0,631,25,TracyYoung,CEO
65973,2019-03-31,Amanda Logan,Corporate Counsel,15 Bull Street,#200,Savannah,Ga,31401,2685,9125032826,8665914638,0,1,0,0,0,76,2,0,0,0,77,3,0,0,0,0,4,0,0,0,0,5,0,0,0,0,6,0,0,0,1601.462051,7,0,0,0,123271.16,8,0,0,1,14,9A,0,0,0,0,9B,0,0,0,0,9C,0,0,0,0,10A,0,0,0,54.2993,10B,0,0,0,82.0542,10C,0,0,0,265.22,10D,0,0,,150,10E,0,0,0,260,10F,0,0,0,130,10G,0,0,0,25,10H,0,0,0,20465.44,10I,0,0,0,209,TracyYoung,CEO
65974,2019-03-31,Amanda Logan,Corporate Counsel,15 Bull Street,#200,Savannah,Ga,31401,2685,9125032826,8665914638,0,1,0,0,0,212,2,0,0,0,219,3,0,0,0,0,4,0,0,0,0,5,0,0,0,0,6,0,0,0,1217.724384,7,0,0,0,278088.53,8,0,0,0,50,9A,0,0,0,0,9B,0,0,0,0,9C,0,0,0,0,10A,0,0,0,48.5432,10B,0,0,0,81.6497,10C,0,0,0,240.3,10D,0,0,,150,10E,0,0,0,631,10F,0,0,0,343,10G,0,0,0,62,10H,0,0,0,53074.55,10I,0,0,0,471,TracyYoung,CEO
66080,2019-03-31,Amanda Logan,Corporate Counsel,15 Bull Street,#200,Savannah,Ga,31401,2685,9125032826,8665914638,0,1,0,0,131,7,2,0,0,165,8,3,0,0,100,1,4,0,0,63,1,5,0,0,27,0,6,0,0,1624.394424,371.875,7,0,0,235948.03,6936.99,8,0,0,11,0,9A,0,0,1.59322,0,9B,0,0,2.5,0,9C,0,0,1,0,10A,0,0,6.9899,183.696,10B,0,0,12.7989,199.9919,10C,0,0,21.1436,222.1433,10D,0,0,30,150,10E,0,0,337,10,10F,0,0,841,9,10G,0,0,46,2,10H,0,0,82494.89,800,10I,0,0,364,11,TracyYoung,CEO
66081,2019-03-31,Amanda Logan,Corporate Counsel,15 Bull Street,#200,Savannah,Ga,31401,2685,9125032826,8665914638,0,1,0,0,0,202,2,0,0,0,207,3,0,0,0,0,4,0,0,0,0,5,0,0,0,0,6,0,0,0,1428.732548,7,0,0,0,319294.39,8,0,0,0,53,9A,0,0,0,0,9B,0,0,0,0,9C,0,0,0,0,10A,0,0,0,50.008,10B,0,0,0,81.5751,10C,0,0,0,227.84,10D,0,0,,150,10E,0,0,0,645,10F,0,0,0,360,10G,0,0,0,49,10H,0,0,0,56589.85,10I,0,0,0,581,TracyYoung,CEO
66082,2019-03-31,Amanda Logan,Corporate Counsel,15 Bull Street,#200,Savannah,Ga,31401,2685,9125032826,8665914638,0,1,0,0,107,12,2,0,0,131,13,3,0,0,92,0,4,0,0,52,0,5,0,0,29,0,6,0,0,1618.738244,468.461538,7,0,0,224216.52,10797.29,8,0,0,24,0,9A,0,0,1.730769,0,9B,0,0,2.5,0,9C,0,0,3,0,10A,0,0,6.99,88.2,10B,0,0,14.3717,173.2216,10C,0,0,20.2731,250.98,10D,0,0,30,150,10E,0,0,395,29,10F,0,0,900,15,10G,0,0,87,2,10H,0,0,126842.52,550,10I,0,0,334,28,TracyYoung,CEO
66083,2019-03-31,Amanda Logan,Corporate Counsel,15 Bull Street,#200,Savannah,Ga,31401,2685,9125032826,8665914638,0,1,0,0,188,7,2,0,0,244,7,3,0,0,155,0,4,0,0,90,0,5,0,0,46,0,6,0,0,1489.62374,346.428571,7,0,0,321028.25,7505.52,8,0,0,37,0,9A,0,0,1.7,0,9B,0,0,3,0,9C,0,0,1,0,10A,0,0,0.9899,182.27,10B,0,0,14.3026,204.8517,10C,0,0,19.4706,227.84,10D,0,0,30,150,10E,0,0,543,12,10F,0,0,1313,7,10G,0,0,96,1,10H,0,0,139667.39,100,10I,0,0,516,13,TracyYoung,CEO
66084,2019-03-31,Amanda Logan,Corporate Counsel,15 Bull Street,#200,Savannah,Ga,31401,2685,9125032826,8665914638,0,1,0,0,158,6,2,0,0,192,8,3,0,0,144,0,4,0,0,85,0,5,0,0,46,0,6,0,0,1573.109278,293.75,7,0,0,341565.84,4861.61,8,0,0,30,0,9A,0,0,1.619048,0,9B,0,0,2.5,0,9C,0,0,1,0,10A,0,0,5.9897,185.12,10B,0,0,13.9631,212.0864,10C,0,0,19.6389,261.6582,10D,0,0,30,150,10E,0,0,553,5,10F,0,0,1342,8,10G,0,0,106,3,10H,0,0,163189.44,675,10I,0,0,492,8,TracyYoung,CEO
66085,2019-03-31,Amanda Logan,Corporate Counsel,15 Bull Street,#200,Savannah,Ga,31401,2685,9125032826,8665914638,0,1,0,0,239,9,2,0,0,309,9,3,0,0,189,0,4,0,0,106,0,5,0,0,58,0,6,0,0,1172.385355,300,7,0,0,318596.18,5590.6,8,0,0,40,0,9A,0,0,1.711538,0,9B,0,0,3,0,9C,0,0,1,0,10A,0,0,8.9897,196.512,10B,0,0,14.0488,210.4346,10C,0,0,20.4832,227.84,10D,0,0,30,150,10E,0,0,569,33,10F,0,0,1392,9,10G,0,0,85,2,10H,0,0,114305.14,800,10I,0,0,555,14,TracyYoung,CEO
66181,2019-03-31,Amanda Logan,Corporate Counsel,15 Bull Street,#200,Savannah,Ga,31401,2685,9125032826,8665914638,0,1,0,0,128,3,2,0,0,146,4,3,0,0,121,0,4,0,0,65,0,5,0,0,39,0,6,0,0,1411.439726,275,7,0,0,185939.44,2254.18,8,0,0,14,0,9A,0,0,1.784615,0,9B,0,0,2.5,0,9C,0,0,1,0,10A,0,0,8.9898,196.51,10B,0,0,14.3597,205.0546,10C,0,0,19.4725,215.0233,10D,0,0,30,150,10E,0,0,326,10,10F,0,0,808,4,10G,0,0,70,1,10H,0,0,89150,200,10I,0,0,303,9,TracyYoung,CEO
66182,2019-03-31,Amanda Logan,Corporate Counsel,15 Bull Street,#200,Savannah,Ga,31401,2685,9125032826,8665914638,0,1,0,0,0,187,2,0,0,0,191,3,0,0,0,0,4,0,0,0,0,5,0,0,0,0,6,0,0,0,1402.573822,7,0,0,0,246641.6,8,0,0,0,36,9A,0,0,0,1,9B,0,0,0,1,9C,0,0,0,1,10A,0,0,0,44.3988,10B,0,0,0,73.096,10C,0,0,0,265.2189,10D,0,0,,150,10E,0,0,0,538,10F,0,0,0,290,10G,0,0,0,33,10H,0,0,0,30688.74,10I,0,0,0,502,TracyYoung,CEO
66183,2019-03-31,Amanda Logan,Corporate Counsel,15 Bull Street,#200,Savannah,Ga,31401,2685,9125032826,8665914638,0,1,0,0,24,5,2,0,0,27,5,3,0,0,8,0,4,0,0,7,0,5,0,0,1,0,6,0,0,2225.089643,330,7,0,0,10242.77,3376.29,8,0,0,0,0,9A,0,0,1.142857,0,9B,0,0,1.5,0,9C,0,0,1,0,10A,0,0,10.9897,196.512,10B,0,0,14.6901,204.7704,10C,0,0,19.0889,212.175,10D,0,0,30,150,10E,0,0,0,0,10F,0,0,35,5,10G,0,0,1,1,10H,0,0,1000,200,10I,0,0,24,4,TracyYoung,CEO
66184,2019-03-31,Amanda Logan,Corporate Counsel,15 Bull Street,#200,Savannah,Ga,31401,2685,9125032826,8665914638,0,1,0,0,122,10,2,0,0,148,11,3,0,0,84,0,4,0,0,54,0,5,0,0,24,0,6,0,0,1516.611141,481.818182,7,0,0,222466.4,12012.12,8,0,0,47,0,9A,0,0,1.425926,0,9B,0,0,2.5,0,9C,0,0,1,0,10A,0,0,7.9995,183.6933,10B,0,0,13.2763,197.935,10C,0,0,19.3447,213.6,10D,0,0,30,150,10E,0,0,396,10,10F,0,0,881,11,10G,0,0,67,3,10H,0,0,90886.38,1400,10I,0,0,359,13,TracyYoung,CEO
66186,2019-03-31,Amanda Logan,Corporate Counsel,15 Bull Street,#200,Savannah,Ga,31401,2685,9125032826,8665914638,0,1,0,0,0,123,2,0,0,0,126,3,0,0,0,0,4,0,0,0,0,5,0,0,0,0,6,0,0,0,1565.062283,7,0,0,0,195770.95,8,0,0,0,5,9A,0,0,0,0,9B,0,0,0,0,9C,0,0,0,0,10A,0,0,0,48.5439,10B,0,0,0,73.4233,10C,0,0,0,212.176,10D,0,0,,150,10E,0,0,0,352,10F,0,0,0,207,10G,0,0,0,29,10H,0,0,0,41957.97,10I,0,0,0,302,TracyYoung,CEO
66558,2019-03-31,Amanda Logan,Corporate Counsel,15 Bull Street,#200,Savannah,Ga,31401,2685,9125032826,8665914638,0,1,0,0,225,25,2,0,0,279,25,3,0,0,157,0,4,0,0,89,0,5,0,0,49,0,6,0,0,1127.974516,496.730769,7,0,0,309640.78,22237.3,8,0,0,40,0,9A,0,0,1.707865,0,9B,0,0,3,0,9C,0,0,1,0,10A,0,0,0.9997,189.3891,10B,0,0,14.7546,209.5692,10C,0,0,20.0875,258.1,10D,0,0,30,150,10E,0,0,759,55,10F,0,0,1596,25,10G,0,0,113,4,10H,0,0,134244.04,2250,10I,0,0,682,50,TracyYoung,CEO
66559,2019-03-31,Amanda Logan,Corporate Counsel,15 Bull Street,#200,Savannah,Ga,31401,2685,9125032826,8665914638,0,1,0,0,0,130,2,0,0,0,137,3,0,0,0,0,4,0,0,0,0,5,0,0,0,0,6,0,0,0,1412.494015,7,0,0,0,196108.23,8,0,0,1,14,9A,0,0,0,1,9B,0,0,0,1,9C,0,0,0,1,10A,0,0,0,36.57,10B,0,0,0,77.0863,10C,0,0,0,216.448,10D,0,0,,150,10E,0,0,0,427,10F,0,0,0,224,10G,0,0,0,27,10H,0,0,0,34539.58,10I,0,0,0,342,TracyYoung,CEO
66560,2019-03-31,Amanda Logan,Corporate Counsel,15 Bull Street,#200,Savannah,Ga,31401,2685,9125032826,8665914638,0,1,0,0,173,6,2,0,0,215,10,3,0,0,157,0,4,0,0,94,0,5,0,0,48,0,6,0,0,1752.940512,560,7,0,0,376762.76,11484.53,8,0,0,47,0,9A,0,0,1.617021,0,9B,0,0,3,0,9C,0,0,1,0,10A,0,0,4.9899,193.6625,10B,0,0,13.8985,205.1977,10C,0,0,19.9667,215.0222,10D,0,0,30,150,10E,0,0,585,16,10F,0,0,1325,10,10G,0,0,96,6,10H,0,0,139591.6,4100,10I,0,0,514,12,TracyYoung,CEO
66561,2019-03-31,Amanda Logan,Corporate Counsel,15 Bull Street,#200,Savannah,Ga,31401,2685,9125032826,8665914638,0,1,0,0,0,123,2,0,0,0,124,3,0,0,0,0,4,0,0,0,0,5,0,0,0,0,6,0,0,0,876.407177,7,0,0,0,131299.86,8,0,0,0,40,9A,0,0,0,0,9B,0,0,0,0,9C,0,0,0,0,10A,0,0,0,49.6787,10B,0,0,0,89.0167,10C,0,0,0,217.871,10D,0,0,,150,10E,0,0,0,503,10F,0,0,0,213,10G,0,0,0,39,10H,0,0,0,27161.8,10I,0,0,0,374,TracyYoung,CEO
66562,2019-03-31,Amanda Logan,Corporate Counsel,15 Bull Street,#200,Savannah,Ga,31401,2685,9125032826,8665914638,0,1,0,0,0,80,2,0,0,0,84,3,0,0,0,0,4,0,0,0,0,5,0,0,0,0,6,0,0,0,1321.767143,7,0,0,0,113997.45,8,0,0,0,16,9A,0,0,0,0,9B,0,0,0,0,9C,0,0,0,0,10A,0,0,0,50.665,10B,0,0,0,76.0893,10C,0,0,0,199.3588,10D,0,0,,150,10E,0,0,0,191,10F,0,0,0,123,10G,0,0,0,18,10H,0,0,0,17808.12,10I,0,0,0,182,TracyYoung,CEO
66563,2019-03-31,Amanda Logan,Corporate Counsel,15 Bull Street,#200,Savannah,Ga,31401,2685,9125032826,8665914638,0,1,0,0,102,15,2,0,0,134,17,3,0,0,85,0,4,0,0,49,0,5,0,0,25,0,6,0,0,1209.238806,526.470588,7,0,0,196152.14,22085.38,8,0,0,23,0,9A,0,0,1.729167,0,9B,0,0,3,0,9C,0,0,1,0,10A,0,0,0.0984,96.8311,10B,0,0,14.116,199.4529,10C,0,0,19.9122,272.3396,10D,0,0,30,150,10E,0,0,391,27,10F,0,0,887,19,10G,0,0,65,4,10H,0,0,85429.12,2275,10I,0,0,347,27,TracyYoung,CEO
66564,2019-03-31,Amanda Logan,Corporate Counsel,15 Bull Street,#200,Savannah,Ga,31401,2685,9125032826,8665914638,0,1,0,0,130,7,2,0,0,179,8,3,0,0,116,0,4,0,0,69,0,5,0,0,33,0,6,0,0,1396.122833,359.375,7,0,0,171267.81,6653.31,8,0,0,12,0,9A,0,0,1.666667,0,9B,0,0,2.5,0,9C,0,0,1,0,10A,0,0,2.9894,187.9667,10B,0,0,13.6252,214.7062,10C,0,0,20.505,272.3378,10D,0,0,30,150,10E,0,0,283,10,10F,0,0,727,9,10G,0,0,58,2,10H,0,0,91356.47,600,10I,0,0,283,10,TracyYoung,CEO
66565,2019-03-31,Amanda Logan,Corporate Counsel,15 Bull Street,#200,Savannah,Ga,31401,2685,9125032826,8665914638,0,1,0,0,111,12,2,0,0,131,15,3,0,0,101,0,4,0,0,59,0,5,0,0,32,0,6,0,0,2171.970455,341.666667,7,0,0,260879.01,12554.29,8,0,0,33,0,9A,0,0,1.672414,0,9B,0,0,2,0,9C,0,0,1,0,10A,0,0,7.99,111.2984,10B,0,0,13.5602,197.1944,10C,0,0,19.9667,226.4114,10D,0,0,30,150,10E,0,0,328,20,10F,0,0,820,17,10G,0,0,62,6,10H,0,0,135258.95,1950,10I,0,0,311,20,TracyYoung,CEO
66566,2019-03-31,Amanda Logan,Corporate Counsel,15 Bull Street,#200,Savannah,Ga,31401,2685,9125032826,8665914638,0,1,0,0,0,90,2,0,0,0,93,3,0,0,0,0,4,0,0,0,0,5,0,0,0,0,6,0,0,0,1354.883656,7,0,0,0,149883.57,8,0,0,0,22,9A,0,0,0,0,9B,0,0,0,0,9C,0,0,0,0,10A,0,0,0,49.3493,10B,0,0,0,76.8353,10C,0,0,0,213.6,10D,0,0,,150,10E,0,0,0,332,10F,0,0,0,189,10G,0,0,0,26,10H,0,0,0,23124.13,10I,0,0,0,290,TracyYoung,CEO
66567,2019-03-31,Amanda Logan,Corporate Counsel,15 Bull Street,#200,Savannah,Ga,31401,2685,9125032826,8665914638,0,1,0,0,0,118,2,0,0,0,122,3,0,0,0,0,4,0,0,0,0,5,0,0,0,0,6,0,0,0,1027.833443,7,0,0,0,144391.91,8,0,0,0,19,9A,0,0,0,0,9B,0,0,0,0,9C,0,0,0,0,10A,0,0,0,54.018,10B,0,0,0,87.1496,10C,0,0,0,238.52,10D,0,0,,150,10E,0,0,0,370,10F,0,0,0,205,10G,0,0,0,33,10H,0,0,0,25688.65,10I,0,0,0,317,TracyYoung,CEO
66568,2019-03-31,Amanda Logan,Corporate Counsel,15 Bull Street,#200,Savannah,Ga,31401,2685,9125032826,8665914638,0,1,0,0,86,8,2,0,0,102,8,3,0,0,67,0,4,0,0,36,0,5,0,0,22,0,6,0,0,1426.855392,362.5,7,0,0,123404.43,6687.09,8,0,0,36,0,9A,0,0,1.833333,0,9B,0,0,3,0,9C,0,0,2,0,10A,0,0,4.9896,190.815,10B,0,0,12.9,227.7504,10C,0,0,19.79,259.88,10D,0,0,30,150,10E,0,0,273,7,10F,0,0,602,8,10G,0,0,50,2,10H,0,0,60378.87,600,10I,0,0,247,9,TracyYoung,CEO
66570,2019-03-31,Amanda Logan,Corporate Counsel,15 Bull Street,#200,Savannah,Ga,31401,2685,9125032826,8665914638,0,1,0,0,125,11,2,0,0,172,13,3,0,0,115,0,4,0,0,66,0,5,0,0,40,0,6,0,0,1568.904651,350,7,0,0,214569.46,9402.64,8,0,0,19,0,9A,0,0,1.6875,0,9B,0,0,2,0,9C,0,0,2,0,10A,0,0,6.9899,190.815,10B,0,0,12.213,204.0693,10C,0,0,19.8556,220.72,10D,0,0,30,150,10E,0,0,373,29,10F,0,0,963,13,10G,0,0,58,4,10H,0,0,121189.47,650,10I,0,0,360,20,TracyYoung,CEO
66599,2019-03-31,Amanda Logan,Corporate Counsel,15 Bull Street,#200,Savannah,Ga,31401,2685,9125032826,8665914638,0,1,0,0,0,134,2,0,0,0,137,3,0,0,0,0,4,0,0,0,0,5,0,0,0,0,6,0,0,0,1242.422336,7,0,0,0,184078.42,8,0,0,0,20,9A,0,0,0,0,9B,0,0,0,0,9C,0,0,0,0,10A,0,0,0,49.5488,10B,0,0,0,80.1706,10C,0,0,0,226.4133,10D,0,0,,150,10E,0,0,0,441,10F,0,0,0,214,10G,0,0,0,41,10H,0,0,0,45532.97,10I,0,0,0,322,TracyYoung,CEO
66864,2019-03-31,Amanda Logan,Corporate Counsel,15 Bull Street,#200,Savannah,Ga,31401,2685,9125032826,8665914638,0,1,0,0,78,7,2,0,0,89,7,3,0,0,73,0,4,0,0,40,0,5,0,0,24,0,6,0,0,2285.969222,542.857143,7,0,0,230788.65,11515.15,8,0,0,22,0,9A,0,0,1.769231,0,9B,0,0,3,0,9C,0,0,2,0,10A,0,0,5.9899,190.816,10B,0,0,12.4911,201.3932,10C,0,0,18.9783,216.445,10D,0,0,30,150,10E,0,0,386,5,10F,0,0,852,7,10G,0,0,68,1,10H,0,0,118419.02,400,10I,0,0,333,7,TracyYoung,CEO
66865,2019-03-31,Amanda Logan,Corporate Counsel,15 Bull Street,#200,Savannah,Ga,31401,2685,9125032826,8665914638,0,1,0,0,160,5,2,0,0,192,6,3,0,0,137,0,4,0,0,75,0,5,0,0,43,0,6,0,0,1820.402656,408.333333,7,0,0,344993.14,5440.73,8,0,0,46,0,9A,0,0,1.756757,0,9B,0,0,3,0,9C,0,0,1,0,10A,0,0,8.9899,195.08,10B,0,0,12.6808,204.817,10C,0,0,19.176,216.4467,10D,0,0,30,150,10E,0,0,537,14,10F,0,0,1219,6,10G,0,0,100,2,10H,0,0,171240.17,725,10I,0,0,465,10,TracyYoung,CEO
66867,2019-03-31,Amanda Logan,Corporate Counsel,15 Bull Street,#200,Savannah,Ga,31401,2685,9125032826,8665914638,0,1,0,0,0,164,2,0,0,0,166,3,0,0,0,0,4,0,0,0,0,5,0,0,0,0,6,0,0,0,1424.53497,7,0,0,0,239319.24,8,0,0,0,36,9A,0,0,0,1,9B,0,0,0,1,9C,0,0,0,1,10A,0,0,0,53.8549,10B,0,0,0,78.014,10C,0,0,0,229.26,10D,0,0,,150,10E,0,0,0,626,10F,0,0,0,293,10G,0,0,0,49,10H,0,0,0,57912.16,10I,0,0,0,476,TracyYoung,CEO
66868,2019-03-31,Amanda Logan,Corporate Counsel,15 Bull Street,#200,Savannah,Ga,31401,2685,9125032826,8665914638,0,1,0,0,128,9,2,0,0,162,10,3,0,0,100,0,4,0,0,60,0,5,0,0,29,0,6,0,0,1808.776667,310,7,0,0,219042.8,6440.71,8,0,0,28,0,9A,0,0,1.616667,0,9B,0,0,3,0,9C,0,0,1,0,10A,0,0,5.9899,192.24,10B,0,0,13.8622,206.1938,10C,0,0,19.6667,223.5667,10D,0,0,30,150,10E,0,0,376,16,10F,0,0,864,10,10G,0,0,70,4,10H,0,0,109117.25,1000,10I,0,0,351,16,TracyYoung,CEO
66869,2019-03-31,Amanda Logan,Corporate Counsel,15 Bull Street,#200,Savannah,Ga,31401,2685,9125032826,8665914638,0,1,0,0,143,11,2,0,0,159,11,3,0,0,129,0,4,0,0,77,0,5,0,0,41,0,6,0,0,1533.648,468.181818,7,0,0,239437.14,11391.61,8,0,0,20,0,9A,0,0,1.571429,0,9B,0,0,2.5,0,9C,0,0,1,0,10A,0,0,8.9895,186.5435,10B,0,0,14.2386,213.1781,10C,0,0,19.9667,261.66,10D,0,0,30,150,10E,0,0,385,13,10F,0,0,916,11,10G,0,0,74,1,10H,0,0,130870.66,100,10I,0,0,347,15,TracyYoung,CEO
66870,2019-03-31,Amanda Logan,Corporate Counsel,15 Bull Street,#200,Savannah,Ga,31401,2685,9125032826,8665914638,0,1,0,0,0,84,2,0,0,0,85,3,0,0,0,0,4,0,0,0,0,5,0,0,0,0,6,0,0,0,1326.872,7,0,0,0,119629.32,8,0,0,0,18,9A,0,0,0,0,9B,0,0,0,0,9C,0,0,0,0,10A,0,0,0,54.8352,10B,0,0,0,87.1407,10C,0,0,0,268.78,10D,0,0,,150,10E,0,0,0,284,10F,0,0,0,138,10G,0,0,0,22,10H,0,0,0,26040,10I,0,0,0,247,TracyYoung,CEO
67002,2019-03-31,Amanda Logan,Corporate Counsel,15 Bull Street,#200,Savannah,Ga,31401,2685,9125032826,8665914638,0,1,0,0,141,11,2,0,0,160,11,3,0,0,130,0,4,0,0,75,0,5,0,0,36,0,6,0,0,2070.184012,475,7,0,0,325742.81,12824.55,8,0,0,93,0,9A,0,0,1.706667,0,9B,0,0,3,0,9C,0,0,1,0,10A,0,0,0.0098,107.3204,10B,0,0,14.1004,188.6568,10C,0,0,19.2321,226.415,10D,0,0,30,150,10E,0,0,611,28,10F,0,0,1250,13,10G,0,0,88,4,10H,0,0,128556.99,1809.55,10I,0,0,507,18,TracyYoung,CEO
67003,2019-03-31,Amanda Logan,Corporate Counsel,15 Bull Street,#200,Savannah,Ga,31401,2685,9125032826,8665914638,0,1,0,0,0,104,2,0,0,0,105,3,0,0,0,0,4,0,0,0,0,5,0,0,0,0,6,0,0,0,859.095238,7,0,0,0,86129.34,8,0,0,0,12,9A,0,0,0,0,9B,0,0,0,0,9C,0,0,0,0,10A,0,0,0,54.662,10B,0,0,0,82.2194,10C,0,0,0,210.752,10D,0,0,,150,10E,0,0,0,241,10F,0,0,0,139,10G,0,0,0,32,10H,0,0,0,24110.24,10I,0,0,0,209,TracyYoung,CEO
67004,2019-03-31,Amanda Logan,Corporate Counsel,15 Bull Street,#200,Savannah,Ga,31401,2685,9125032826,8665914638,0,1,0,0,274,4,2,0,0,318,4,3,0,0,236,0,4,0,0,140,0,5,0,0,71,0,6,0,0,1909.963469,475,7,0,0,611116.84,3934.5,8,0,0,71,0,9A,0,0,1.601449,0,9B,0,0,3,0,9C,0,0,1,0,10A,0,0,8.9893,205.055,10B,0,0,13.2283,207.5473,10C,0,0,18.9983,209.3275,10D,0,0,30,150,10E,0,0,859,11,10F,0,0,2029,4,10G,0,0,151,1,10H,0,0,291077.9,400,10I,0,0,815,6,TracyYoung,CEO
67005,2019-03-31,Amanda Logan,Corporate Counsel,15 Bull Street,#200,Savannah,Ga,31401,2685,9125032826,8665914638,0,1,0,0,227,15,2,0,0,272,18,3,0,0,175,0,4,0,0,111,0,5,0,0,45,0,6,0,0,1701.525934,379.166667,7,0,0,345583.5,14971.7,8,0,0,61,0,9A,0,0,1.463636,0,9B,0,0,2.5,0,9C,0,0,1,0,10A,0,0,8.99,190.8133,10B,0,0,14.5759,211.2254,10C,0,0,20.505,267,10D,0,0,30,150,10E,0,0,668,28,10F,0,0,1501,18,10G,0,0,154,6,10H,0,0,216220.88,1825,10I,0,0,591,25,TracyYoung,CEO
67006,2019-03-31,Amanda Logan,Corporate Counsel,15 Bull Street,#200,Savannah,Ga,31401,2685,9125032826,8665914638,0,1,0,0,147,5,2,0,0,174,5,3,0,0,155,0,4,0,0,83,0,5,0,0,48,0,6,0,0,1678.656057,665,7,0,0,289613.61,4784.94,8,0,0,28,0,9A,0,0,1.804878,0,9B,0,0,3,0,9C,0,0,1,0,10A,0,0,0.0092,96.832,10B,0,0,13.4187,158.0086,10C,0,0,19.4725,197.9353,10D,0,0,30,150,10E,0,0,414,11,10F,0,0,981,5,10G,0,0,67,1,10H,0,0,105009.67,300,10I,0,0,393,10,TracyYoung,CEO
67007,2019-03-31,Amanda Logan,Corporate Counsel,15 Bull Street,#200,Savannah,Ga,31401,2685,9125032826,8665914638,0,1,0,0,0,164,2,0,0,0,172,3,0,0,0,0,4,0,0,0,0,5,0,0,0,0,6,0,0,0,1155.734302,7,0,0,0,224469.64,8,0,0,0,46,9A,0,0,0,0,9B,0,0,0,0,9C,0,0,0,0,10A,0,0,0,44.3997,10B,0,0,0,81.9283,10C,0,0,0,261.6559,10D,0,0,,150,10E,0,0,0,606,10F,0,0,0,304,10G,0,0,0,44,10H,0,0,0,41700.7,10I,0,0,0,453,TracyYoung,CEO
67008,2019-03-31,Amanda Logan,Corporate Counsel,15 Bull Street,#200,Savannah,Ga,31401,2685,9125032826,8665914638,0,1,0,0,91,6,2,0,0,118,6,3,0,0,110,0,4,0,0,60,0,5,0,0,34,0,6,0,0,2089.587203,412.5,7,0,0,251763.74,5030.26,8,0,0,30,0,9A,0,0,1.766667,0,9B,0,0,2.5,0,9C,0,0,1,0,10A,0,0,4.9999,193.6633,10B,0,0,12.8388,201.9697,10C,0,0,20.3831,223.568,10D,0,0,30,150,10E,0,0,323,8,10F,0,0,727,6,10G,0,0,46,2,10H,0,0,80821.49,1100,10I,0,0,290,7,TracyYoung,CEO
67009,2019-03-31,Amanda Logan,Corporate Counsel,15 Bull Street,#200,Savannah,Ga,31401,2685,9125032826,8665914638,0,1,0,0,141,5,2,0,0,162,6,3,0,0,135,0,4,0,0,77,0,5,0,0,39,0,6,0,0,2166.097901,483.333333,7,0,0,372793.86,5885.38,8,0,0,54,0,9A,0,0,1.623377,0,9B,0,0,2.5,0,9C,0,0,1,0,10A,0,0,0.0096,192.24,10B,0,0,12.4875,204.1062,10C,0,0,19.176,242.08,10D,0,0,30,150,10E,0,0,497,5,10F,0,0,1131,6,10G,0,0,75,1,10H,0,0,161665.14,300,10I,0,0,457,8,TracyYoung,CEO
67010,2019-03-31,Amanda Logan,Corporate Counsel,15 Bull Street,#200,Savannah,Ga,31401,2685,9125032826,8665914638,0,1,0,0,115,6,2,0,0,146,7,3,0,0,106,0,4,0,0,59,0,5,0,0,34,0,6,0,0,1418.924658,368.571429,7,0,0,187529.75,5753.52,8,0,0,24,0,9A,0,0,1.672414,0,9B,0,0,3,0,9C,0,0,1,0,10A,0,0,9.9899,186.5429,10B,0,0,14.6789,202.0293,10C,0,0,19.6857,220.7197,10D,0,0,30,150,10E,0,0,358,11,10F,0,0,844,8,10G,0,0,85,3,10H,0,0,102097.37,680,10I,0,0,302,10,TracyYoung,CEO
67011,2019-03-31,Amanda Logan,Corporate Counsel,15 Bull Street,#200,Savannah,Ga,31401,2685,9125032826,8665914638,0,1,0,0,207,16,2,0,0,238,16,3,0,0,227,0,4,0,0,114,0,5,0,0,67,0,6,0,0,1558.58205,407.8125,7,0,0,379820.9,14703.48,8,0,0,46,0,9A,0,0,1.875,0,9B,0,0,3.5,0,9C,0,0,1,0,10A,0,0,4.9998,192.24,10B,0,0,13.7542,201.1394,10C,0,0,20.1852,227.84,10D,0,0,30,150,10E,0,0,698,21,10F,0,0,1672,16,10G,0,0,123,4,10H,0,0,169887.73,1350,10I,0,0,630,21,TracyYoung,CEO
67530,2019-03-31,Amanda Logan,Corporate Counsel,15 Bull Street,#200,Savannah,Ga,31401,2685,9125032826,8665914638,0,1,0,0,0,87,2,0,0,0,93,3,0,0,0,0,4,0,0,0,0,5,0,0,0,0,6,0,0,0,1019.48172,7,0,0,0,120677.11,8,0,0,0,15,9A,0,0,0,0,9B,0,0,0,0,9C,0,0,0,0,10A,0,0,0,50.0071,10B,0,0,0,84.8905,10C,0,0,0,258.1,10D,0,0,,150,10E,0,0,0,326,10F,0,0,0,167,10G,0,0,0,32,10H,0,0,0,29745.98,10I,0,0,0,271,TracyYoung,CEO
67531,2019-03-31,Amanda Logan,Corporate Counsel,15 Bull Street,#200,Savannah,Ga,31401,2685,9125032826,8665914638,0,1,0,0,84,7,2,0,0,121,7,3,0,0,75,0,4,0,0,43,0,5,0,0,25,0,6,0,0,1204.645082,607.142857,7,0,0,149431.38,10862.55,8,0,0,21,0,9A,0,0,1.707317,0,9B,0,0,2.5,0,9C,0,0,2,0,10A,0,0,5.9899,179.4218,10B,0,0,14.2745,205.8464,10C,0,0,18.996,220.7193,10D,0,0,30,150,10E,0,0,280,23,10F,0,0,672,9,10G,0,0,41,2,10H,0,0,60620.79,775,10I,0,0,250,17,TracyYoung,CEO
67533,2019-03-31,Amanda Logan,Corporate Counsel,15 Bull Street,#200,Savannah,Ga,31401,2685,9125032826,8665914638,0,1,0,0,115,15,2,0,0,134,15,3,0,0,129,0,4,0,0,72,0,5,0,0,38,0,6,0,0,1167.003507,465,7,0,0,175039.4,14011.05,8,0,0,22,0,9A,0,0,1.746479,0,9B,0,0,3.5,0,9C,0,0,1,0,10A,0,0,8.9896,187.965,10B,0,0,13.2227,202.5871,10C,0,0,19.6667,224.992,10D,0,0,30,150,10E,0,0,404,28,10F,0,0,885,15,10G,0,0,72,3,10H,0,0,119319.33,2100,10I,0,0,351,25,TracyYoung,CEO
67535,2019-03-31,Amanda Logan,Corporate Counsel,15 Bull Street,#200,Savannah,Ga,31401,2685,9125032826,8665914638,0,1,0,0,260,16,2,0,0,312,16,3,0,0,243,0,4,0,0,141,0,5,0,0,72,0,6,0,0,2127.295144,443.75,7,0,0,450942.86,14029.01,8,0,0,66,0,9A,0,0,1.65942,0,9B,0,0,3,0,9C,0,0,1,0,10A,0,0,8.9895,103.24,10B,0,0,14.0995,196.2884,10C,0,0,20.505,223.568,10D,0,0,30,150,10E,0,0,659,34,10F,0,0,1594,16,10G,0,0,118,1,10H,0,0,188337.08,400,10I,0,0,640,26,TracyYoung,CEO
67536,2019-03-31,Amanda Logan,Corporate Counsel,15 Bull Street,#200,Savannah,Ga,31401,2685,9125032826,8665914638,0,1,0,0,0,106,2,0,0,0,108,3,0,0,0,0,4,0,0,0,0,5,0,0,0,0,6,0,0,0,1263.253704,7,0,0,0,141318.67,8,0,0,1,25,9A,0,0,0,0,9B,0,0,0,0,9C,0,0,0,0,10A,0,0,0,44.84,10B,0,0,0,84.7759,10C,0,0,0,234.96,10D,0,0,,150,10E,0,0,0,333,10F,0,0,0,175,10G,0,0,0,25,10H,0,0,0,28049.87,10I,0,0,0,288,TracyYoung,CEO
67537,2019-03-31,Amanda Logan,Corporate Counsel,15 Bull Street,#200,Savannah,Ga,31401,2685,9125032826,8665914638,0,1,0,0,109,6,2,0,0,136,6,3,0,0,96,0,4,0,0,58,0,5,0,0,32,0,6,0,0,1093.779412,637.5,7,0,0,167915.7,8016.74,8,0,0,36,0,9A,0,0,1.62069,0,9B,0,0,2,0,9C,0,0,1,0,10A,0,0,7.9894,186.5437,10B,0,0,14.7389,199.3596,10C,0,0,21.1375,220.72,10D,0,0,30,150,10E,0,0,360,14,10F,0,0,818,6,10G,0,0,75,2,10H,0,0,104736.01,1675,10I,0,0,319,13,TracyYoung,CEO
67538,2019-03-31,Amanda Logan,Corporate Counsel,15 Bull Street,#200,Savannah,Ga,31401,2685,9125032826,8665914638,0,1,0,0,160,24,2,0,0,181,24,3,0,0,140,0,4,0,0,78,0,5,0,0,48,0,6,0,0,1380.732857,450,7,0,0,240962.92,24434.36,8,0,0,33,0,9A,0,0,1.776316,0,9B,0,0,2.5,0,9C,0,0,2,0,10A,0,0,0.0085,85.0486,10B,0,0,14.714,193.2846,10C,0,0,20.3857,224.992,10D,0,0,30,150,10E,0,0,499,26,10F,0,0,1124,26,10G,0,0,75,4,10H,0,0,111468.09,2049.61,10I,0,0,453,29,TracyYoung,CEO
67541,2019-03-31,Amanda Logan,Corporate Counsel,15 Bull Street,#200,Savannah,Ga,31401,2685,9125032826,8665914638,0,1,0,0,142,22,2,0,0,180,22,3,0,0,136,0,4,0,0,67,0,5,0,0,47,0,6,0,0,1344.501492,531.818182,7,0,0,243447.28,22279.96,8,0,0,30,0,9A,0,0,1.940299,0,9B,0,0,3,0,9C,0,0,2,0,10A,0,0,0.9999,84.42,10B,0,0,13.9678,191.8491,10C,0,0,19.4799,216.4467,10D,0,0,30,150,10E,0,0,423,35,10F,0,0,994,23,10G,0,0,61,1,10H,0,0,85304.66,1900,10I,0,0,394,34,TracyYoung,CEO
67542,2019-03-31,Amanda Logan,Corporate Counsel,15 Bull Street,#200,Savannah,Ga,31401,2685,9125032826,8665914638,0,1,0,0,302,13,2,0,0,367,13,3,0,0,296,0,4,0,0,182,0,5,0,0,83,0,6,0,0,1779.715707,309.615385,7,0,0,621580.22,11457.95,8,0,0,92,0,9A,0,0,1.581006,0,9B,0,0,3,0,9C,0,0,1,0,10A,0,0,5.9999,116.0699,10B,0,0,13.9282,200.2942,10C,0,0,20.0875,217.8705,10D,0,0,30,150,10E,0,0,1114,35,10F,0,0,2567,16,10G,0,0,243,4,10H,0,0,368736.54,1000,10I,0,0,959,28,TracyYoung,CEO
67543,2019-03-31,Amanda Logan,Corporate Counsel,15 Bull Street,#200,Savannah,Ga,31401,2685,9125032826,8665914638,0,1,0,0,105,2,2,0,0,117,2,3,0,0,91,0,4,0,0,57,0,5,0,0,22,0,6,0,0,1726.530593,712.5,7,0,0,176941.65,2985.77,8,0,0,19,0,9A,0,0,1.589286,0,9B,0,0,3,0,9C,0,0,1,0,10A,0,0,8.9849,200.7836,10B,0,0,14.5564,207.9038,10C,0,0,18.996,215.024,10D,0,0,30,150,10E,0,0,379,10,10F,0,0,825,2,10G,0,0,70,2,10H,0,0,104086.01,1425,10I,0,0,341,6,TracyYoung,CEO
67544,2019-03-31,Amanda Logan,Corporate Counsel,15 Bull Street,#200,Savannah,Ga,31401,2685,9125032826,8665914638,0,1,0,0,93,12,2,0,0,115,13,3,0,0,81,0,4,0,0,45,0,5,0,0,23,0,6,0,0,1207.173565,288.461538,7,0,0,158470.06,9882.73,8,0,0,20,0,9A,0,0,1.666667,0,9B,0,0,2.5,0,9C,0,0,1,0,10A,0,0,1.9899,189.39,10B,0,0,14.4667,210.5725,10C,0,0,19.9269,256.32,10D,0,0,30,150,10E,0,0,334,18,10F,0,0,732,16,10G,0,0,55,2,10H,0,0,70974.96,300,10I,0,0,291,21,TracyYoung,CEO
67545,2019-03-31,Amanda Logan,Corporate Counsel,15 Bull Street,#200,Savannah,Ga,31401,2685,9125032826,8665914638,0,1,0,0,58,5,2,0,0,82,5,3,0,0,61,0,4,0,0,35,0,5,0,0,21,0,6,0,0,1436.329268,390,7,0,0,138459.69,6437.61,8,0,0,15,0,9A,0,0,1.657143,0,9B,0,0,2.5,0,9C,0,0,3,0,10A,0,0,8.5,93.87,10B,0,0,14.1022,193.4922,10C,0,0,18.8783,220.7189,10D,0,0,30,150,10E,0,0,198,15,10F,0,0,476,9,10G,0,0,32,2,10H,0,0,77839.08,700,10I,0,0,173,10,TracyYoung,CEO
67546,2019-03-31,Amanda Logan,Corporate Counsel,15 Bull Street,#200,Savannah,Ga,31401,2685,9125032826,8665914638,0,1,0,0,170,14,2,0,0,200,14,3,0,0,172,0,4,0,0,97,0,5,0,0,51,0,6,0,0,2216.00675,476.785714,7,0,0,371716.43,14125.35,8,0,0,33,0,9A,0,0,1.690722,0,9B,0,0,3,0,9C,0,0,1,0,10A,0,0,2.9897,185.12,10B,0,0,13.7955,205.5642,10C,0,0,19.9667,249.2,10D,0,0,30,150,10E,0,0,574,27,10F,0,0,1399,14,10G,0,0,98,2,10H,0,0,163456.5,800,10I,0,0,535,28,TracyYoung,CEO
150364,2019-03-31,Amanda Logan,Corporate Counsel,15 Bull Street,#200,Savannah,Ga,31401,2685,9125032826,8665914638,0,1,0,0,131,4,2,0,0,160,4,3,0,0,116,0,4,0,0,66,0,5,0,0,37,0,6,0,0,1821.9975,450,7,0,0,207891.38,3759.35,8,0,0,33,0,9A,0,0,1.681818,0,9B,0,0,2.5,0,9C,0,0,2,0,10A,0,0,0.0008,195.0867,10B,0,0,12.5211,207.1914,10C,0,0,19.55,215.0233,10D,0,0,30,150,10E,0,0,373,12,10F,0,0,853,4,10G,0,0,73,1,10H,0,0,113786.5,600,10I,0,0,333,9,TracyYoung,CEO
150365,2019-03-31,Amanda Logan,Corporate Counsel,15 Bull Street,#200,Savannah,Ga,31401,2685,9125032826,8665914638,0,1,0,0,83,16,2,0,0,92,17,3,0,0,70,0,4,0,0,38,0,5,0,0,22,0,6,0,0,1477.731183,460.588235,7,0,0,140444.94,13125.12,8,0,0,16,0,9A,0,0,1.736842,0,9B,0,0,2,0,9C,0,0,1,0,10A,0,0,8.9894,103.35,10B,0,0,14.1724,176.8131,10C,0,0,19.176,213.6,10D,0,0,30,150,10E,0,0,275,26,10F,0,0,595,17,10G,0,0,65,4,10H,0,0,116017.7,1310,10I,0,0,230,25,TracyYoung,CEO
150366,2019-03-31,Amanda Logan,Corporate Counsel,15 Bull Street,#200,Savannah,Ga,31401,2685,9125032826,8665914638,0,1,0,0,75,5,2,0,0,95,10,3,0,0,79,0,4,0,0,39,0,5,0,0,21,0,6,0,0,1326.885104,537.5,7,0,0,161261.36,11828.42,8,0,0,20,0,9A,0,0,1.972973,0,9B,0,0,3.5,0,9C,0,0,1,0,10A,0,0,0.091,190.8133,10B,0,0,14.455,203.8899,10C,0,0,20.0875,216.4471,10D,0,0,30,150,10E,0,0,312,16,10F,0,0,673,11,10G,0,0,68,7,10H,0,0,102053.11,4225,10I,0,0,256,11,TracyYoung,CEO
150368,2019-03-31,Amanda Logan,Corporate Counsel,15 Bull Street,#200,Savannah,Ga,31401,2685,9125032826,8665914638,0,1,0,0,0,73,2,0,0,0,74,3,0,0,0,0,4,0,0,0,0,5,0,0,0,0,6,0,0,0,1331.852973,7,0,0,0,106824.54,8,0,0,0,20,9A,0,0,0,0,9B,0,0,0,0,9C,0,0,0,0,10A,0,0,0,49.6779,10B,0,0,0,84.7524,10C,0,0,0,227.84,10D,0,0,,150,10E,0,0,0,261,10F,0,0,0,132,10G,0,0,0,21,10H,0,0,0,16253.97,10I,0,0,0,205,TracyYoung,CEO
150369,2019-03-31,Amanda Logan,Corporate Counsel,15 Bull Street,#200,Savannah,Ga,31401,2685,9125032826,8665914638,0,1,0,0,189,8,2,0,0,232,8,3,0,0,166,0,4,0,0,100,0,5,0,0,50,0,6,0,0,2456.060345,456.25,7,0,0,464526.23,8044.52,8,0,0,60,0,9A,0,0,1.6,0,9B,0,0,2.5,0,9C,0,0,1,0,10A,0,0,1.9984,190.815,10B,0,0,12.8355,197.9354,10C,0,0,18.9783,206.48,10D,0,0,30,150,10E,0,0,545,20,10F,0,0,1211,8,10G,0,0,86,1,10H,0,0,252504.2,200,10I,0,0,489,15,TracyYoung,CEO
150370,2019-03-31,Amanda Logan,Corporate Counsel,15 Bull Street,#200,Savannah,Ga,31401,2685,9125032826,8665914638,0,1,0,0,162,9,2,0,0,191,9,3,0,0,166,0,4,0,0,85,0,5,0,0,49,0,6,0,0,1736.002147,536.111111,7,0,0,383313.44,11587,8,0,0,48,0,9A,0,0,1.915663,0,9B,0,0,3,0,9C,0,0,1,0,10A,0,0,5.9898,186.544,10B,0,0,13.2907,202.7413,10C,0,0,20.1455,240.3,10D,0,0,30,150,10E,0,0,555,18,10F,0,0,1246,10,10G,0,0,86,1,10H,0,0,153238.47,500,10I,0,0,507,20,TracyYoung,CEO
150497,2019-03-31,Amanda Logan,Corporate Counsel,15 Bull Street,#200,Savannah,Ga,31401,2685,9125032826,8665914638,0,1,0,0,75,8,2,0,0,87,9,3,0,0,60,0,4,0,0,42,0,5,0,0,18,0,6,0,0,2132.689655,366.666667,7,0,0,44164.83,6479.17,8,0,0,1,0,9A,0,0,1.380952,0,9B,0,0,1.5,0,9C,0,0,1,0,10A,0,0,10.9897,185.12,10B,0,0,14.5561,196.1944,10C,0,0,19.9667,207.9033,10D,0,0,30,150,10E,0,0,3,0,10F,0,0,149,9,10G,0,0,10,4,10H,0,0,14838.54,1700,10I,0,0,70,5,TracyYoung,CEO
150498,2019-03-31,Amanda Logan,Corporate Counsel,15 Bull Street,#200,Savannah,Ga,31401,2685,9125032826,8665914638,0,1,0,0,82,5,2,0,0,103,5,3,0,0,73,0,4,0,0,40,0,5,0,0,22,0,6,0,0,1385.42,485,7,0,0,152707.25,5979.68,8,0,0,14,0,9A,0,0,1.815789,0,9B,0,0,2.5,0,9C,0,0,1,0,10A,0,0,8.9898,190.816,10B,0,0,13.8509,207.4287,10C,0,0,19.4725,219.296,10D,0,0,30,150,10E,0,0,279,17,10F,0,0,631,6,10G,0,0,33,0,10H,0,0,44449.1,0,10I,0,0,255,12,TracyYoung,CEO
150499,2019-03-31,Amanda Logan,Corporate Counsel,15 Bull Street,#200,Savannah,Ga,31401,2685,9125032826,8665914638,0,1,0,0,0,107,2,0,0,0,109,3,0,0,0,0,4,0,0,0,0,5,0,0,0,0,6,0,0,0,1173.615596,7,0,0,0,153373.82,8,0,0,0,34,9A,0,0,0,0,9B,0,0,0,0,9C,0,0,0,0,10A,0,0,0,55.0238,10B,0,0,0,91.3027,10C,0,0,0,222.144,10D,0,0,,150,10E,0,0,0,377,10F,0,0,0,191,10G,0,0,0,27,10H,0,0,0,18618.62,10I,0,0,0,295,TracyYoung,CEO
150500,2019-03-31,Amanda Logan,Corporate Counsel,15 Bull Street,#200,Savannah,Ga,31401,2685,9125032826,8665914638,0,1,0,0,80,7,2,0,0,105,8,3,0,0,80,0,4,0,0,41,0,5,0,0,27,0,6,0,0,1479.047619,363.888889,7,0,0,158205.95,5770.38,8,0,0,28,0,9A,0,0,1.975,0,9B,0,0,3,0,9C,0,0,2,0,10A,0,0,9.9897,185.12,10B,0,0,13.9367,204.0376,10C,0,0,18.9222,223.5667,10D,0,0,30,150,10E,0,0,326,15,10F,0,0,746,8,10G,0,0,65,2,10H,0,0,87933.38,450,10I,0,0,284,13,TracyYoung,CEO
150616,2019-03-31,Amanda Logan,Corporate Counsel,15 Bull Street,#200,Savannah,Ga,31401,2685,9125032826,8665914638,0,1,0,0,62,2,2,0,0,83,3,3,0,0,51,0,4,0,0,30,0,5,0,0,16,0,6,0,0,1556.567738,391.666667,7,0,0,120762.99,2338.9,8,0,0,6,0,9A,0,0,1.5,0,9B,0,0,2,0,9C,0,0,1,0,10A,0,0,0.0085,186.54,10B,0,0,12.7682,195.5602,10C,0,0,20.004,203.6314,10D,0,0,30,150,10E,0,0,207,10,10F,0,0,474,3,10G,0,0,24,1,10H,0,0,54471.11,200,10I,0,0,198,6,TracyYoung,CEO
151214,2019-03-31,Amanda Logan,Corporate Counsel,15 Bull Street,#200,Savannah,Ga,31401,2685,9125032826,8665914638,0,1,0,0,189,11,2,0,0,229,11,3,0,0,212,0,4,0,0,107,0,5,0,0,73,0,6,0,0,1351.311397,402.272727,7,0,0,337877.69,8986.83,8,0,0,42,0,9A,0,0,1.866667,0,9B,0,0,3,0,9C,0,0,2,0,10A,0,0,0.0097,189.39,10B,0,0,13.9193,202.5955,10C,0,0,20.2824,223.568,10D,0,0,30,150,10E,0,0,539,8,10F,0,0,1335,11,10G,0,0,73,3,10H,0,0,120300.43,1200,10I,0,0,516,12,TracyYoung,CEO
151215,2019-03-31,Amanda Logan,Corporate Counsel,15 Bull Street,#200,Savannah,Ga,31401,2685,9125032826,8665914638,0,1,0,0,349,15,2,0,0,411,16,3,0,0,335,0,4,0,0,191,0,5,0,0,93,0,6,0,0,1904.93932,434.375,7,0,0,665727.47,14958.72,8,0,0,72,0,9A,0,0,1.687831,0,9B,0,0,3,0,9C,0,0,1,0,10A,0,0,5.9898,186.5433,10B,0,0,12.7951,203.1639,10C,0,0,19.8438,275.9,10D,0,0,30,150,10E,0,0,953,24,10F,0,0,2406,16,10G,0,0,114,2,10H,0,0,193571.04,800,10I,0,0,1000,24,TracyYoung,CEO
151217,2019-03-31,Amanda Logan,Corporate Counsel,15 Bull Street,#200,Savannah,Ga,31401,2685,9125032826,8665914638,0,1,0,0,289,2,2,0,0,355,2,3,0,0,280,0,4,0,0,154,0,5,0,0,88,0,6,0,0,1622.78486,825,7,0,0,498917.8,3236.75,8,0,0,77,0,9A,0,0,1.714286,0,9B,0,0,2.5,0,9C,0,0,2,0,10A,0,0,4.9999,195.0875,10B,0,0,12.5408,195.7998,10C,0,0,19.0209,196.512,10D,0,0,30,150,10E,0,0,721,5,10F,0,0,1836,2,10G,0,0,87,0,10H,0,0,183310.19,0,10I,0,0,731,5,TracyYoung,CEO
151998,2019-03-31,Amanda Logan,Corporate Counsel,15 Bull Street,#200,Savannah,Ga,31401,2685,9125032826,8665914638,0,1,0,0,117,3,2,0,0,141,3,3,0,0,117,0,4,0,0,66,0,5,0,0,40,0,6,0,0,1526.640284,450,7,0,0,189152.54,2035.13,8,0,0,22,5,9A,0,0,1.723077,0,9B,0,0,3,0,9C,0,0,2,0,10A,0,0,8.9896,84.42,10B,0,0,13.0288,132.3333,10C,0,0,19.9667,196.51,10D,0,0,30,150,10E,0,0,315,20,10F,0,0,821,3,10G,0,0,47,0,10H,0,0,90225.76,0,10I,0,0,323,8,TracyYoung,CEO
153474,2019-03-31,Amanda Logan,Corporate Counsel,15 Bull Street,#200,Savannah,Ga,31401,2685,9125032826,8665914638,0,1,0,0,98,0,2,0,0,105,0,3,0,0,77,0,4,0,0,45,0,5,0,0,25,0,6,0,0,1953.065905,0,7,0,0,181625.7,0,8,0,0,37,0,9A,0,0,1.688889,0,9B,0,0,2.5,0,9C,0,0,3,0,10A,0,0,8.9896,0,10B,0,0,13.2963,0,10C,0,0,19.1393,0,10D,0,0,30,,10E,0,0,313,5,10F,0,0,665,0,10G,0,0,38,0,10H,0,0,70265.74,0,10I,0,0,295,3,TracyYoung,CEO
161538,2019-03-31,Amanda Logan,Corporate Counsel,15 Bull Street,#200,Savannah,Ga,31401,2685,9125032826,8665914638,0,1,0,0,11,3,2,0,0,13,3,3,0,0,0,0,4,0,0,0,0,5,0,0,0,0,6,0,0,2512.692308,206.666667,7,0,0,4532.36,1527.94,8,0,0,0,0,9A,0,0,0,0,9B,0,0,0,0,9C,0,0,0,0,10A,0,0,10.9896,210.75,10B,0,0,14.7903,257.7424,10C,0,0,20.364,284.8,10D,0,0,30,150,10E,0,0,0,0,10F,0,0,13,3,10G,0,0,0,0,10H,0,0,0,0,10I,0,0,11,3,TracyYoung,CEO
161672,2019-03-31,Amanda Logan,Corporate Counsel,15 Bull Street,#200,Savannah,Ga,31401,2685,9125032826,8665914638,0,1,0,0,38,1,2,0,0,40,1,3,0,0,2,0,4,0,0,2,0,5,0,0,0,0,6,0,0,2459.937,225,7,0,0,17734.23,438.94,8,0,0,0,0,9A,0,0,1,0,9B,0,0,1,0,9C,0,0,1,0,10A,0,0,10.9897,195.0844,10B,0,0,13.9701,195.0844,10C,0,0,19.176,195.0844,10D,0,0,30,150,10E,0,0,0,0,10F,0,0,43,1,10G,0,0,2,0,10H,0,0,8266,0,10I,0,0,38,1,TracyYoung,CEO
161743,2019-03-31,Amanda Logan,Corporate Counsel,15 Bull Street,#200,Savannah,Ga,31401,2685,9125032826,8665914638,0,1,0,0,25,1,2,0,0,25,1,3,0,0,0,0,4,0,0,0,0,5,0,0,0,0,6,0,0,3014.36,400,7,0,0,11168.86,768.96,8,0,0,0,0,9A,0,0,0,0,9B,0,0,0,0,9C,0,0,0,0,10A,0,0,10.9898,192.24,10B,0,0,14.7472,192.24,10C,0,0,19.3889,192.24,10D,0,0,30,150,10E,0,0,0,0,10F,0,0,27,1,10G,0,0,1,0,10H,0,0,10000,0,10I,0,0,25,1,TracyYoung,CEO
161756,2019-03-31,Amanda Logan,Corporate Counsel,15 Bull Street,#200,Savannah,Ga,31401,2685,9125032826,8665914638,0,1,0,0,13,1,2,0,0,15,1,3,0,0,0,0,4,0,0,0,0,5,0,0,0,0,6,0,0,1990.866667,350,7,0,0,4636.66,1584.91,8,0,0,0,0,9A,0,0,0,0,9B,0,0,0,0,9C,0,0,0,0,10A,0,0,11.9895,224.9914,10B,0,0,14.7009,224.9914,10C,0,0,16.99,224.9914,10D,0,0,30,150,10E,0,0,0,0,10F,0,0,15,1,10G,0,0,0,0,10H,0,0,0,0,10I,0,0,13,1,TracyYoung,CEO
