60279,2019-03-31,Preston Scott,Tax Vice President,PO Box 3058,0,Spartanburg,Sc,29304,3058,8883164238,8643367334,0,1,9,122,3,0,2,9,141,3,0,3,1,51,0,0,4,1,23,0,0,5,0,4,0,0,6,788.89,422.34,776.67,0,7,5598.42,16244.61,22.64,0,8,0,0,0,0,9A,1,2.22,0,0,9B,1,2,0,0,9C,1,9,0,0,10A,61.2,20,17,0,10B,70.76,20,17,0,10C,88.5,20,17,0,10D,167.5,17.29,29.33,0,10E,39,169,14,0,10F,18,576,32,0,10G,0,58,3,0,10H,0,22750,2330,0,10I,26,124,6,0,Preston Scott,"Vice President, Tax"
60280,2019-03-31,Preston Scott,Tax Vice President,PO Box 3058,0,Spartanburg,Sc,29304,3058,8883164238,8643367334,0,1,20,95,16,0,2,21,105,17,0,3,0,44,9,0,4,0,24,8,0,5,0,4,1,0,6,988.57,411.9,971.76,0,7,16697.19,12827.67,258.47,0,8,0,0,0,0,9A,0,1.83,1.13,0,9B,0,1.5,1,0,9C,0,12,7,0,10A,62,20,17,0,10B,74.35,20,17,0,10C,90,20,17,0,10D,171.48,15.91,29.81,0,10E,33,103,35,0,10F,25,382,97,0,10G,3,43,5,0,10H,3350,15000,3120,0,10I,30,86,31,0,Preston Scott,"Vice President, Tax"
60282,2019-03-31,Preston Scott,Tax Vice President,PO Box 3058,0,Spartanburg,Sc,29304,3058,8883164238,8643367334,0,1,34,96,8,0,2,36,123,8,0,3,1,56,1,0,4,1,22,1,0,5,0,4,0,0,6,834.72,545.12,2343.75,0,7,23495.18,20884.55,205.93,0,8,0,0,0,0,9A,1,2.55,1,0,9B,1,3,1,0,9C,1,7,1,0,10A,60.8,20,17,0,10B,72.62,20,17,0,10C,89.5,20,17,0,10D,171.05,15.46,29.89,0,10E,50,91,16,0,10F,46,367,41,0,10G,11,54,6,0,10H,10780,24650,15400,0,10I,44,69,15,0,Preston Scott,"Vice President, Tax"
60283,2019-03-31,Preston Scott,Tax Vice President,PO Box 3058,0,Spartanburg,Sc,29304,3058,8883164238,8643367334,0,1,35,121,9,0,2,35,151,9,0,3,0,76,3,0,4,0,31,2,0,5,0,4,1,0,6,1041.71,509.6,1200,0,7,27355.2,23801.42,118.72,0,8,0,0,1,0,9A,0,2.45,1.5,0,9B,0,2,1.5,0,9C,0,10,1,0,10A,59.6,20,17,0,10B,70.04,20,17,0,10C,89,20,17,0,10D,169.94,16.27,29.67,0,10E,97,151,31,0,10F,53,599,95,0,10G,6,64,5,0,10H,6100,28750,7070,0,10I,74,112,32,0,Preston Scott,"Vice President, Tax"
60284,2019-03-31,Preston Scott,Tax Vice President,PO Box 3058,0,Spartanburg,Sc,29304,3058,8883164238,8643367334,0,1,24,76,10,0,2,24,103,11,0,3,1,25,9,0,4,1,16,5,0,5,0,2,3,0,6,765,408.74,720,0,7,15454.46,10932.52,141.73,0,8,0,0,1,0,9A,1,1.56,1.8,0,9B,1,1,2,0,9C,1,9,2,0,10A,60.8,20,17,0,10B,73.14,20,17,0,10C,90,20,17,0,10D,169.96,17.24,29.6,0,10E,46,89,28,0,10F,35,306,73,0,10G,6,47,3,0,10H,4080,16600,2130,0,10I,41,77,22,0,Preston Scott,"Vice President, Tax"
60285,2019-03-31,Preston Scott,Tax Vice President,PO Box 3058,0,Spartanburg,Sc,29304,3058,8883164238,8643367334,0,1,10,84,7,0,2,10,105,7,0,3,0,18,6,0,4,0,12,5,0,5,0,2,1,0,6,828,502.86,958.57,0,7,6556.6,12929.05,117.52,0,8,0,0,1,0,9A,0,1.5,1.2,0,9B,0,1,1,0,9C,0,7,4,0,10A,60.4,20,17,0,10B,71.27,20,17,0,10C,89,20,17,0,10D,171.5,19.37,29.77,0,10E,22,111,37,0,10F,13,398,101,0,10G,3,49,1,0,10H,2680,18950,400,0,10I,24,91,35,0,Preston Scott,"Vice President, Tax"
60288,2019-03-31,Preston Scott,Tax Vice President,PO Box 3058,0,Spartanburg,Sc,29304,3058,8883164238,8643367334,0,1,0,0,0,0,2,0,0,0,0,3,0,0,0,0,4,0,0,0,0,5,0,0,0,0,6,0,0,0,0,7,0,0,0,0,8,0,0,0,0,9A,0,0,0,0,9B,0,0,0,0,9C,0,0,0,0,10A,62,0,17,0,10B,73.63,0,17,0,10C,90,0,17,0,10D,0,0,0,0,10E,44,76,23,0,10F,0,0,0,0,10G,0,0,0,0,10H,0,0,0,0,10I,0,0,0,0,Preston Scott,"Vice President, Tax"
60289,2019-03-31,Preston Scott,Tax Vice President,PO Box 3058,0,Spartanburg,Sc,29304,3058,8883164238,8643367334,0,1,8,43,15,0,2,9,50,18,0,3,1,24,7,0,4,1,13,5,0,5,0,3,2,0,6,746.67,543,868.89,0,7,5649.57,7947.66,214.11,0,8,0,0,1,0,9A,1,1.85,1.4,0,9B,1,2,1,0,9C,1,6,3,0,10A,60.4,20,17,0,10B,72.84,20,17,0,10C,89,20,17,0,10D,170.3,17.72,29.64,0,10E,14,47,24,0,10F,12,144,88,0,10G,1,19,8,0,10H,500,8650,4350,0,10I,13,38,27,0,Preston Scott,"Vice President, Tax"
60291,2019-03-31,Preston Scott,Tax Vice President,PO Box 3058,0,Spartanburg,Sc,29304,3058,8883164238,8643367334,0,1,23,101,10,0,2,26,113,10,0,3,0,50,2,0,4,0,24,1,0,5,0,5,1,0,6,831.92,511.5,1699,0,7,16392.68,17222.42,215.41,0,8,0,0,0,0,9A,0,2.08,2,0,9B,0,2,2,0,9C,0,10,1,0,10A,60.4,20,17,0,10B,71.65,20,17,0,10C,90,20,17,0,10D,171.31,16.15,29.75,0,10E,51,113,22,0,10F,33,463,68,0,10G,5,38,6,0,10H,2900,19200,8490,0,10I,45,91,20,0,Preston Scott,"Vice President, Tax"
60292,2019-03-31,Preston Scott,Tax Vice President,PO Box 3058,0,Spartanburg,Sc,29304,3058,8883164238,8643367334,0,1,6,89,0,5,2,6,99,0,5,3,0,23,0,0,4,0,10,0,0,5,0,2,0,0,6,563.33,526.26,0,582,7,8638.65,12349.59,0,4000.8,8,0,0,0,0,9A,0,2.3,0,0,9B,0,1,0,0,9C,0,7,0,0,10A,200,20,0,119.99,10B,251.4,20,0,124.38,10C,264,20,0,132.77,10D,169.67,17.76,0,180,10E,8,127,0,6,10F,6,466,0,9,10G,2,34,0,0,10H,870,16200,0,0,10I,9,104,0,16,Preston Scott,"Vice President, Tax"
60293,2019-03-31,Preston Scott,Tax Vice President,PO Box 3058,0,Spartanburg,Sc,29304,3058,8883164238,8643367334,0,1,14,171,0,2,2,14,229,0,2,3,0,61,0,0,4,0,33,0,0,5,0,4,0,0,6,613.57,432.1,0,560,7,22070.8,25746.85,0,1545,8,0,0,0,0,9A,0,1.85,0,0,9B,0,1,0,0,9C,0,21,0,0,10A,200,20,0,120,10B,248.19,20,0,124.95,10C,264,20,0,133.2,10D,164.21,13.85,0,180,10E,23,138,0,4,10F,14,601,0,4,10G,1,98,0,0,10H,250,38300,0,0,10I,19,111,0,10,Preston Scott,"Vice President, Tax"
60295,2019-03-31,Preston Scott,Tax Vice President,PO Box 3058,0,Spartanburg,Sc,29304,3058,8883164238,8643367334,0,1,47,87,16,0,2,49,95,17,0,3,4,23,8,0,4,4,13,7,0,5,0,3,1,0,6,827.96,489.47,1183.53,0,7,34015.13,11555.82,300.37,0,8,0,0,0,0,9A,1,1.77,1.14,0,9B,1,2,1,0,9C,4,6,6,0,10A,60,20,17,0,10B,70.96,20,17,0,10C,90,20,17,0,10D,169.72,18.66,29.72,0,10E,121,136,48,0,10F,118,479,127,0,10G,15,29,8,0,10H,12000,15500,8630,0,10I,122,97,36,0,Preston Scott,"Vice President, Tax"
60296,2019-03-31,Preston Scott,Tax Vice President,PO Box 3058,0,Spartanburg,Sc,29304,3058,8883164238,8643367334,0,1,9,142,0,5,2,9,165,0,5,3,0,62,0,0,4,0,29,0,0,5,0,4,0,0,6,630,520,0,906,7,14649.45,23679.63,0,6025.8,8,0,0,0,0,9A,0,2.14,0,0,9B,0,2,0,0,9C,0,12,0,0,10A,220,20,0,119.99,10B,251.87,20,0,123.35,10C,264,20,0,133.2,10D,167.89,16.78,0,180,10E,21,200,0,10,10F,11,726,0,10,10G,3,59,0,0,10H,3110,27100,0,0,10I,9,183,0,13,Preston Scott,"Vice President, Tax"
60297,2019-03-31,Preston Scott,Tax Vice President,PO Box 3058,0,Spartanburg,Sc,29304,3058,8883164238,8643367334,0,1,3,103,0,9,2,3,114,0,9,3,0,66,0,0,4,0,30,0,0,5,0,5,0,0,6,656.67,476.75,0,728.89,7,5285.21,17985.76,0,8782.2,8,0,0,0,0,9A,0,2.2,0,0,9B,0,2,0,0,9C,0,12,0,0,10A,220,20,0,120,10B,258.5,20,0,125.82,10C,264,20,0,133.2,10D,162.67,16.9,0,180,10E,3,109,0,3,10F,3,459,0,10,10G,2,33,0,0,10H,970,14050,0,0,10I,4,107,0,11,Preston Scott,"Vice President, Tax"
60298,2019-03-31,Preston Scott,Tax Vice President,PO Box 3058,0,Spartanburg,Sc,29304,3058,8883164238,8643367334,0,1,32,82,11,0,2,32,108,11,0,3,2,34,7,0,4,2,19,4,0,5,0,3,3,0,6,810,494.91,589.09,0,7,23065.6,14199.86,104.83,0,8,0,0,0,0,9A,1,1.79,1.75,0,9B,1,1,2,0,9C,2,10,3,0,10A,60,20,17,0,10B,74.35,20,17,0,10C,90,20,17,0,10D,169.88,18.1,29.83,0,10E,71,115,22,0,10F,60,394,80,0,10G,5,57,5,0,10H,4250,25550,2880,0,10I,63,82,27,0,Preston Scott,"Vice President, Tax"
60299,2019-03-31,Preston Scott,Tax Vice President,PO Box 3058,0,Spartanburg,Sc,29304,3058,8883164238,8643367334,0,1,11,140,0,4,2,11,188,0,4,3,0,72,0,0,4,0,32,0,0,5,0,5,0,0,6,874.55,620.21,0,1337.5,7,24285.25,34153.1,0,6932.8,8,0,0,0,0,9A,0,2.25,0,0,9B,0,2,0,0,9C,0,14,0,0,10A,220,20,0,120,10B,249.71,20,0,123.1,10C,264,20,0,128.4,10D,162.91,14.25,0,180,10E,13,151,0,3,10F,11,579,0,4,10G,2,91,0,0,10H,1660,54500,0,0,10I,13,107,0,10,Preston Scott,"Vice President, Tax"
60301,2019-03-31,Preston Scott,Tax Vice President,PO Box 3058,0,Spartanburg,Sc,29304,3058,8883164238,8643367334,0,1,12,170,10,0,2,12,198,10,0,3,0,61,2,0,4,0,28,2,0,5,0,5,0,0,6,758.33,433.84,1129,0,7,6994.02,22540.12,125.39,0,8,0,0,0,0,9A,0,2.18,1,0,9B,0,2,1,0,9C,0,12,2,0,10A,60.4,20,17,0,10B,77.02,20,17,0,10C,90,20,17,0,10D,168.08,17.13,29.92,0,10E,45,201,23,0,10F,19,748,45,0,10G,2,77,6,0,10H,1500,31750,6550,0,10I,36,136,18,0,Preston Scott,"Vice President, Tax"
60302,2019-03-31,Preston Scott,Tax Vice President,PO Box 3058,0,Spartanburg,Sc,29304,3058,8883164238,8643367334,0,1,16,101,11,0,2,18,115,11,0,3,0,50,9,0,4,0,20,6,0,5,0,4,3,0,6,902.78,468.26,610,0,7,12845.79,15448.03,100.84,0,8,0,0,0,0,9A,0,2.5,1.5,0,9B,0,2,1.5,0,9C,0,7,3,0,10A,63.2,20,17,0,10B,73.08,20,17,0,10C,89.5,20,17,0,10D,171.22,17.75,29.65,0,10E,39,155,66,0,10F,29,566,182,0,10G,5,41,2,0,10H,5360,17250,1820,0,10I,37,124,60,0,Preston Scott,"Vice President, Tax"
60303,2019-03-31,Preston Scott,Tax Vice President,PO Box 3058,0,Spartanburg,Sc,29304,3058,8883164238,8643367334,0,1,2,108,0,1,2,2,121,0,1,3,0,79,0,0,4,0,31,0,0,5,0,5,0,0,6,795,545.04,0,500,7,4095.03,22966.77,0,697.8,8,0,0,0,0,9A,0,2.55,0,0,9B,0,2,0,0,9C,0,10,0,0,10A,200,20,0,119.99,10B,244.49,20,0,123.3,10C,264,20,0,133.2,10D,171.5,16.25,0,180,10E,9,151,0,7,10F,3,547,0,5,10G,1,43,0,0,10H,800,22200,0,0,10I,3,118,0,7,Preston Scott,"Vice President, Tax"
60305,2019-03-31,Preston Scott,Tax Vice President,PO Box 3058,0,Spartanburg,Sc,29304,3058,8883164238,8643367334,0,1,23,52,9,0,2,23,71,9,0,3,5,27,6,0,4,5,11,4,0,5,0,5,2,0,6,951.3,469.01,2433.33,0,7,20167.88,10181.65,288,0,8,0,0,2,0,9A,1,2.45,1.5,0,9B,1,2,1.5,0,9C,5,5,2,0,10A,58.8,20,17,0,10B,68.66,20,17,0,10C,89.5,20,17,0,10D,169.43,14.97,29.53,0,10E,57,59,37,0,10F,45,230,74,0,10G,4,36,1,0,10H,3950,14000,500,0,10I,48,49,23,0,Preston Scott,"Vice President, Tax"
60307,2019-03-31,Preston Scott,Tax Vice President,PO Box 3058,0,Spartanburg,Sc,29304,3058,8883164238,8643367334,0,1,18,109,11,0,2,19,121,11,0,3,0,66,5,0,4,0,30,3,0,5,0,5,2,0,6,782.11,472.73,1349.09,0,7,12171.29,17530.76,246.06,0,8,0,0,0,0,9A,0,2.2,1.67,0,9B,0,1,2,0,9C,0,18,2,0,10A,60,20,17,0,10B,72.09,20,17,0,10C,89.5,20,17,0,10D,170.79,16.55,29.63,0,10E,48,103,14,0,10F,25,412,38,0,10G,4,41,6,0,10H,2330,16500,7910,0,10I,36,85,16,0,Preston Scott,"Vice President, Tax"
60308,2019-03-31,Preston Scott,Tax Vice President,PO Box 3058,0,Spartanburg,Sc,29304,3058,8883164238,8643367334,0,1,17,88,11,0,2,17,112,11,0,3,0,36,8,0,4,0,21,5,0,5,0,2,3,0,6,927.65,520.98,1106.36,0,7,12119.91,15218.06,195.98,0,8,0,0,0,0,9A,0,1.71,1.6,0,9B,0,2,2,0,9C,0,10,3,0,10A,60.8,20,17,0,10B,71.05,20,17,0,10C,87.5,20,17,0,10D,173.41,16.28,29.68,0,10E,46,94,22,0,10F,31,387,68,0,10G,3,47,5,0,10H,4000,22000,5580,0,10I,43,78,23,0,Preston Scott,"Vice President, Tax"
60310,2019-03-31,Preston Scott,Tax Vice President,PO Box 3058,0,Spartanburg,Sc,29304,3058,8883164238,8643367334,0,1,29,103,11,0,2,30,127,12,0,3,4,51,2,0,4,4,21,2,0,5,0,5,0,0,6,819,448.43,880,0,7,21329.78,15755.24,110.56,0,8,0,0,0,0,9A,1,2.43,1,0,9B,1,2,1,0,9C,4,9,2,0,10A,58.8,20,17,0,10B,70.49,20,17,0,10C,89.5,20,17,0,10D,171.06,17.77,29.79,0,10E,82,147,32,0,10F,66,529,96,0,10G,2,51,9,0,10H,2630,20850,9360,0,10I,70,118,29,0,Preston Scott,"Vice President, Tax"
60311,2019-03-31,Preston Scott,Tax Vice President,PO Box 3058,0,Spartanburg,Sc,29304,3058,8883164238,8643367334,0,1,46,90,5,0,2,48,121,5,0,3,2,32,0,0,4,2,16,0,0,5,0,4,0,0,6,851.67,520.66,1232,0,7,33061.52,15839.57,59.39,0,8,0,0,1,0,9A,1,2,0,0,9B,1,1,0,0,9C,2,10,0,0,10A,60,20,17,0,10B,74.01,20,17,0,10C,90,20,17,0,10D,172.06,15.46,29.4,0,10E,60,80,13,0,10F,64,343,32,0,10G,15,51,3,0,10H,11410,25500,4120,0,10I,60,65,10,0,Preston Scott,"Vice President, Tax"
60312,2019-03-31,Preston Scott,Tax Vice President,PO Box 3058,0,Spartanburg,Sc,29304,3058,8883164238,8643367334,0,1,36,115,13,0,2,37,146,14,0,3,3,59,13,0,4,3,29,11,0,5,0,3,2,0,6,926.76,459.59,873.57,0,7,28674.54,19381.35,304.61,0,8,0,0,0,0,9A,1,2.03,1.18,0,9B,1,2,1,0,9C,3,12,9,0,10A,60.4,20,17,0,10B,70.48,20,17,0,10C,90,20,17,0,10D,170.2,14.73,29.7,0,10E,85,131,24,0,10F,68,547,96,0,10G,4,57,3,0,10H,4980,23850,2190,0,10I,76,106,33,0,Preston Scott,"Vice President, Tax"
60313,2019-03-31,Preston Scott,Tax Vice President,PO Box 3058,0,Spartanburg,Sc,29304,3058,8883164238,8643367334,0,1,0,173,0,6,2,0,211,0,6,3,0,52,0,0,4,0,30,0,0,5,0,4,0,0,6,0,449.76,0,598.33,7,0,24497.8,0,4925.4,8,0,0,0,1,9A,0,1.73,0,0,9B,0,1,0,0,9C,0,17,0,0,10A,0,20,0,120,10B,0,20,0,125.87,10C,0,20,0,133.2,10D,0,15.17,0,180,10E,10,179,0,6,10F,0,768,0,8,10G,0,87,0,3,10H,0,34650,0,1890,10I,0,148,0,9,Preston Scott,"Vice President, Tax"
60315,2019-03-31,Preston Scott,Tax Vice President,PO Box 3058,0,Spartanburg,Sc,29304,3058,8883164238,8643367334,0,1,17,76,11,0,2,19,89,11,0,3,1,26,4,0,4,1,13,2,0,5,0,3,2,0,6,818.95,530.9,1001.82,0,7,13139.14,12278.2,135.37,0,8,0,0,4,0,9A,1,2,2,0,9B,1,2,2,0,9C,1,6,2,0,10A,61.2,20,17,0,10B,74.02,20,17,0,10C,90,20,17,0,10D,168.25,18.5,29.73,0,10E,34,118,30,0,10F,35,392,88,0,10G,3,37,5,0,10H,2600,19550,3300,0,10I,35,97,32,0,Preston Scott,"Vice President, Tax"
60316,2019-03-31,Preston Scott,Tax Vice President,PO Box 3058,0,Spartanburg,Sc,29304,3058,8883164238,8643367334,0,1,0,124,0,2,2,0,178,0,3,3,0,35,0,0,4,0,19,0,0,5,0,4,0,0,6,0,422.75,0,916.67,7,0,18546.04,0,3656.4,8,0,0,0,1,9A,0,1.84,0,0,9B,0,1,0,0,9C,0,11,0,0,10A,0,20,0,120,10B,0,20,0,125.58,10C,0,20,0,133.2,10D,0,16.09,0,180,10E,0,131,0,6,10F,0,526,0,3,10G,0,91,0,1,10H,0,37050,0,300,10I,0,95,0,11,Preston Scott,"Vice President, Tax"
60317,2019-03-31,Preston Scott,Tax Vice President,PO Box 3058,0,Spartanburg,Sc,29304,3058,8883164238,8643367334,0,1,46,96,1,0,2,49,115,1,0,3,0,44,0,0,4,0,19,0,0,5,0,3,0,0,6,963.27,466.96,7700,0,7,36750.29,16067.58,74.31,0,8,0,0,1,0,9A,0,2.32,0,0,9B,0,2,0,0,9C,0,9,0,0,10A,58.8,20,17,0,10B,74.1,20,17,0,10C,90,20,17,0,10D,172.55,17.73,30,0,10E,88,171,12,0,10F,66,426,20,0,10G,11,46,1,0,10H,11570,20950,7700,0,10I,72,112,6,0,Preston Scott,"Vice President, Tax"
60318,2019-03-31,Preston Scott,Tax Vice President,PO Box 3058,0,Spartanburg,Sc,29304,3058,8883164238,8643367334,0,1,18,128,7,0,2,19,148,7,0,3,0,69,5,0,4,0,29,3,0,5,0,5,2,0,6,908.95,455.74,555.71,0,7,12741.99,20846.69,65.72,0,8,0,0,0,0,9A,0,2.38,1.67,0,9B,0,1,2,0,9C,0,15,2,0,10A,60.4,20,17,0,10B,69.53,20,17,0,10C,89.5,20,17,0,10D,168.95,14.53,29.67,0,10E,68,138,16,0,10F,29,585,48,0,10G,3,55,3,0,10H,2180,19350,1510,0,10I,50,110,16,0,Preston Scott,"Vice President, Tax"
60319,2019-03-31,Preston Scott,Tax Vice President,PO Box 3058,0,Spartanburg,Sc,29304,3058,8883164238,8643367334,0,1,21,88,0,18,2,21,94,0,18,3,0,33,0,0,4,0,18,0,0,5,0,3,0,0,6,410.48,428.72,0,766.67,7,21158.63,10721.78,0,18563.4,8,0,0,0,2,9A,0,1.83,0,0,9B,0,2,0,0,9C,0,10,0,0,10A,219.99,20,0,119.99,10B,252.07,20,0,125.12,10C,264,20,0,133.2,10D,165.43,20.77,0,180,10E,38,128,0,18,10F,25,440,0,25,10G,5,38,0,6,10H,2280,14650,0,3500,10I,24,108,0,30,Preston Scott,"Vice President, Tax"
60321,2019-03-31,Preston Scott,Tax Vice President,PO Box 3058,0,Spartanburg,Sc,29304,3058,8883164238,8643367334,0,1,31,81,13,0,2,31,108,13,0,3,4,32,6,0,4,4,16,5,0,5,0,3,1,0,6,794.84,436.57,916.92,0,7,21982.06,12355.39,143.38,0,8,0,0,0,0,9A,1,2,1.2,0,9B,1,1,1,0,9C,4,10,4,0,10A,60.4,20,17,0,10B,75.12,20,17,0,10C,90,20,17,0,10D,171.26,19.49,29.47,0,10E,52,118,26,0,10F,55,358,86,0,10G,9,52,5,0,10H,7570,23000,2410,0,10I,53,89,28,0,Preston Scott,"Vice President, Tax"
60324,2019-03-31,Preston Scott,Tax Vice President,PO Box 3058,0,Spartanburg,Sc,29304,3058,8883164238,8643367334,0,1,16,117,6,0,2,16,141,6,0,3,0,41,6,0,4,0,19,4,0,5,0,4,2,0,6,980.63,568.79,1083.33,0,7,11597.29,21140.15,141.8,0,8,0,0,0,0,9A,0,2.16,1.5,0,9B,0,2,1.5,0,9C,0,8,2,0,10A,62.4,20,17,0,10B,70.11,20,17,0,10C,89,20,17,0,10D,170.88,14.88,29.83,0,10E,30,119,20,0,10F,20,492,65,0,10G,1,57,0,0,10H,2000,29750,0,0,10I,28,89,24,0,Preston Scott,"Vice President, Tax"
60325,2019-03-31,Preston Scott,Tax Vice President,PO Box 3058,0,Spartanburg,Sc,29304,3058,8883164238,8643367334,0,1,6,55,9,0,2,6,64,9,0,3,0,16,11,0,4,0,7,6,0,5,0,3,4,0,6,810,574.22,2564.44,0,7,3632.46,9613.76,477.39,0,8,0,0,0,0,9A,0,2.29,1.83,0,9B,0,2,2,0,9C,0,4,3,0,10A,63.6,20,17,0,10B,70.18,20,17,0,10C,87.5,20,17,0,10D,172.5,16.21,29.7,0,10E,32,93,21,0,10F,23,341,71,0,10G,1,22,2,0,10H,500,11050,7400,0,10I,29,68,21,0,Preston Scott,"Vice President, Tax"
60326,2019-03-31,Preston Scott,Tax Vice President,PO Box 3058,0,Spartanburg,Sc,29304,3058,8883164238,8643367334,0,1,47,86,0,8,2,47,93,0,8,3,0,76,0,0,4,0,45,0,0,5,0,3,0,0,6,427.02,471.51,0,895,7,51777.31,16676.9,0,9534.6,8,0,0,0,2,9A,0,1.69,0,0,9B,0,1,0,0,9C,0,26,0,0,10A,200,20,0,119.99,10B,254.5,20,0,124.51,10C,264,20,0,133.2,10D,165.47,15.15,0,180,10E,163,0,0,12,10F,57,171,0,13,10G,20,29,0,1,10H,8300,12150,0,1000,10I,61,68,0,24,Preston Scott,"Vice President, Tax"
60331,2019-03-31,Preston Scott,Tax Vice President,PO Box 3058,0,Spartanburg,Sc,29304,3058,8883164238,8643367334,0,1,15,66,5,0,2,15,80,5,0,3,0,44,6,0,4,0,19,4,0,5,0,5,2,0,6,945.33,466.25,1810,0,7,10654.01,11918.94,152.21,0,8,0,0,0,0,9A,0,2.32,1.5,0,9B,0,2,1.5,0,9C,0,8,2,0,10A,60.4,20,17,0,10B,70,20,17,0,10C,90,20,17,0,10D,173.47,15.48,29.64,0,10E,43,81,14,0,10F,16,333,43,0,10G,1,25,1,0,10H,500,11700,1000,0,10I,32,64,15,0,Preston Scott,"Vice President, Tax"
60333,2019-03-31,Preston Scott,Tax Vice President,PO Box 3058,0,Spartanburg,Sc,29304,3058,8883164238,8643367334,0,1,33,129,4,0,2,33,152,4,0,3,2,63,4,0,4,2,27,2,0,5,0,4,2,0,6,924.55,500.66,2180,0,7,23925.9,21137.24,124.74,0,8,0,0,0,0,9A,1,2.33,2,0,9B,1,2,2,0,9C,2,8,2,0,10A,60,20,17,0,10B,70.59,20,17,0,10C,89,20,17,0,10D,169.83,16.04,29.63,0,10E,38,145,18,0,10F,36,519,53,0,10G,9,67,1,0,10H,8910,27950,1200,0,10I,41,103,16,0,Preston Scott,"Vice President, Tax"
60334,2019-03-31,Preston Scott,Tax Vice President,PO Box 3058,0,Spartanburg,Sc,29304,3058,8883164238,8643367334,0,1,35,71,3,0,2,39,97,3,0,3,0,27,2,0,4,0,13,2,0,5,0,4,0,0,6,899.49,459.28,1900,0,7,26089.81,12782.48,90.73,0,8,0,0,0,0,9A,0,2.08,1,0,9B,0,1,1,0,9C,0,8,2,0,10A,60.4,20,17,0,10B,70.71,20,17,0,10C,89.5,20,17,0,10D,172.1,13.78,30,0,10E,50,80,17,0,10F,53,300,43,0,10G,9,49,1,0,10H,6050,19600,2000,0,10I,58,57,15,0,Preston Scott,"Vice President, Tax"
60335,2019-03-31,Preston Scott,Tax Vice President,PO Box 3058,0,Spartanburg,Sc,29304,3058,8883164238,8643367334,0,1,5,133,0,4,2,5,150,0,4,3,0,49,0,0,4,0,27,0,0,5,0,4,0,0,6,746,422.67,0,480,7,9364.02,16622.67,0,2693.4,8,0,0,0,0,9A,0,1.81,0,0,9B,0,1,0,0,9C,0,15,0,0,10A,219.95,20,0,119.99,10B,249.14,20,0,125.35,10C,264,20,0,133.2,10D,166,15.96,0,180,10E,13,162,0,9,10F,6,490,0,6,10G,3,48,0,2,10H,2240,20950,0,830,10I,8,133,0,8,Preston Scott,"Vice President, Tax"
60337,2019-03-31,Preston Scott,Tax Vice President,PO Box 3058,0,Spartanburg,Sc,29304,3058,8883164238,8643367334,0,1,3,78,0,3,2,3,103,0,3,3,0,32,0,0,4,0,14,0,0,5,0,4,0,0,6,510,411.17,0,813.33,7,4107.92,10758.22,0,3268.2,8,0,0,0,2,9A,0,2.29,0,0,9B,0,2,0,0,9C,0,6,0,0,10A,220,20,0,119.99,10B,260.6,20,0,122.79,10C,264,20,0,127.92,10D,169.67,16.53,0,180,10E,11,94,0,3,10F,3,339,0,4,10G,1,42,0,1,10H,950,17600,0,1000,10I,10,60,0,8,Preston Scott,"Vice President, Tax"
60338,2019-03-31,Preston Scott,Tax Vice President,PO Box 3058,0,Spartanburg,Sc,29304,3058,8883164238,8643367334,0,1,3,112,0,2,2,3,139,0,2,3,0,59,0,1,4,0,33,0,1,5,0,2,0,0,6,586.67,476.62,0,1260,7,4531.4,18095.48,0,3805.98,8,0,0,0,0,9A,0,1.79,0,1,9B,0,2,0,1,9C,0,14,0,1,10A,220,20,0,119.99,10B,253.45,20,0,125.54,10C,264,20,0,130.15,10D,166,15.46,0,180,10E,18,149,0,5,10F,5,439,0,3,10G,1,58,0,1,10H,400,26900,0,1840,10I,8,93,0,6,Preston Scott,"Vice President, Tax"
60340,2019-03-31,Preston Scott,Tax Vice President,PO Box 3058,0,Spartanburg,Sc,29304,3058,8883164238,8643367334,0,1,12,116,8,0,2,12,140,8,0,3,0,55,4,0,4,0,26,4,0,5,0,4,0,0,6,816.67,525.71,881.25,0,7,7048.05,19327.63,98.27,0,8,0,0,0,0,9A,0,2.12,1,0,9B,0,1.5,1,0,9C,0,13,4,0,10A,60.4,20,17,0,10B,70.78,20,17,0,10C,90,20,17,0,10D,169,18.77,29.83,0,10E,45,132,30,0,10F,21,428,101,0,10G,1,64,2,0,10H,500,31700,3150,0,10I,28,109,34,0,Preston Scott,"Vice President, Tax"
60341,2019-03-31,Preston Scott,Tax Vice President,PO Box 3058,0,Spartanburg,Sc,29304,3058,8883164238,8643367334,0,1,38,102,3,0,2,40,118,3,0,3,1,37,4,0,4,1,15,2,0,5,0,4,2,0,6,935,491.95,400,0,7,28155.02,15162.76,24.34,0,8,0,0,1,0,9A,1,2.47,2,0,9B,1,2,2,0,9C,1,5,2,0,10A,60.4,20,17,0,10B,69.37,20,17,0,10C,88.5,20,17,0,10D,172,14.78,30,0,10E,98,108,26,0,10F,51,435,63,0,10G,6,54,1,0,10H,5300,23800,400,0,10I,70,81,19,0,Preston Scott,"Vice President, Tax"
60344,2019-03-31,Preston Scott,Tax Vice President,PO Box 3058,0,Spartanburg,Sc,29304,3058,8883164238,8643367334,0,1,16,77,21,0,2,16,93,24,0,3,1,21,13,0,4,1,13,8,0,5,0,2,5,0,6,831.25,476.88,1063.33,0,7,10412.97,10510.87,408.71,0,8,0,0,1,0,9A,1,1.62,1.63,0,9B,1,1,2,0,9C,1,7,5,0,10A,58.4,20,17,0,10B,68.74,20,17,0,10C,88.5,20,17,0,10D,169.94,19.01,29.68,0,10E,52,130,92,0,10F,32,446,262,0,10G,2,29,11,0,10H,1250,11300,12150,0,10I,50,104,82,0,Preston Scott,"Vice President, Tax"
60345,2019-03-31,Preston Scott,Tax Vice President,PO Box 3058,0,Spartanburg,Sc,29304,3058,8883164238,8643367334,0,1,28,164,14,0,2,28,195,14,0,3,3,65,6,0,4,3,33,5,0,5,0,5,1,0,6,786.43,450,913.57,0,7,18688.32,24267.65,157.69,0,8,0,0,2,0,9A,1,1.97,1.2,0,9B,1,1,1,0,9C,3,18,4,0,10A,58.4,20,17,0,10B,70.12,20,17,0,10C,89.5,20,17,0,10D,168.23,16.65,29.7,0,10E,106,217,36,0,10F,78,759,94,0,10G,3,64,8,0,10H,1750,28800,9000,0,10I,100,146,32,0,Preston Scott,"Vice President, Tax"
60347,2019-03-31,Preston Scott,Tax Vice President,PO Box 3058,0,Spartanburg,Sc,29304,3058,8883164238,8643367334,0,1,51,101,5,0,2,51,121,5,0,3,0,34,2,0,4,0,16,2,0,5,0,4,0,0,6,970.78,437.19,856,0,7,37334.3,13562.33,58.4,0,8,0,0,0,0,9A,0,2.13,1,0,9B,0,2,1,0,9C,0,8,2,0,10A,60.4,20,17,0,10B,69.92,20,17,0,10C,88.5,20,17,0,10D,173.08,14.69,29.57,0,10E,71,116,14,0,10F,55,436,41,0,10G,6,49,3,0,10H,6500,20450,2200,0,10I,65,84,14,0,Preston Scott,"Vice President, Tax"
60348,2019-03-31,Preston Scott,Tax Vice President,PO Box 3058,0,Spartanburg,Sc,29304,3058,8883164238,8643367334,0,1,13,67,12,0,2,14,87,12,0,3,0,20,8,0,4,0,11,6,0,5,0,2,2,0,6,843.57,511.49,848.33,0,7,8970.55,11352.64,155.96,0,8,0,0,2,0,9A,0,1.82,1.33,0,9B,0,2,1,0,9C,0,7,4,0,10A,60,20,17,0,10B,72.86,20,17,0,10C,90,20,17,0,10D,168,20.09,29.65,0,10E,43,94,25,0,10F,38,312,72,0,10G,2,45,4,0,10H,2950,22600,3340,0,10I,37,83,24,0,Preston Scott,"Vice President, Tax"
60349,2019-03-31,Preston Scott,Tax Vice President,PO Box 3058,0,Spartanburg,Sc,29304,3058,8883164238,8643367334,0,1,0,44,0,7,2,0,53,0,7,3,0,17,0,0,4,0,6,0,0,5,0,4,0,0,6,0,526.42,0,695.71,7,0,7199.47,0,6395,8,0,0,0,0,9A,0,2.83,0,0,9B,0,2.5,0,0,9C,0,2,0,0,10A,0,20,0,120,10B,0,20,0,124.94,10C,0,20,0,131.2,10D,0,14.4,0,180,10E,2,75,0,7,10F,0,250,0,8,10G,0,22,0,1,10H,0,12700,0,600,10I,0,45,0,16,Preston Scott,"Vice President, Tax"
60350,2019-03-31,Preston Scott,Tax Vice President,PO Box 3058,0,Spartanburg,Sc,29304,3058,8883164238,8643367334,0,1,40,213,12,0,2,40,267,12,0,3,1,90,10,0,4,1,43,8,0,5,0,4,2,0,6,926,510.49,1563.33,0,7,28388.37,36931.53,444.98,0,8,0,0,0,0,9A,1,2.09,1.25,0,9B,1,2,1,0,9C,1,21,6,0,10A,60,20,17,0,10B,69.54,20,17,0,10C,88.5,20,17,0,10D,170.76,15.23,29.73,0,10E,96,220,29,0,10F,64,938,107,0,10G,5,109,5,0,10H,6420,46450,3150,0,10I,84,172,37,0,Preston Scott,"Vice President, Tax"
60351,2019-03-31,Preston Scott,Tax Vice President,PO Box 3058,0,Spartanburg,Sc,29304,3058,8883164238,8643367334,0,1,52,215,17,0,2,52,262,17,0,3,1,80,9,0,4,1,37,7,0,5,0,4,2,0,6,849.81,486.64,851.76,0,7,34014.93,34616.3,233.24,0,8,0,0,1,0,9A,1,2.16,1.29,0,9B,1,2,1,0,9C,1,17,5,0,10A,59.2,20,17,0,10B,69.93,20,17,0,10C,89,20,17,0,10D,170.38,15.85,29.92,0,10E,138,224,48,0,10F,90,915,137,0,10G,9,118,7,0,10H,6290,48850,4580,0,10I,127,178,44,0,Preston Scott,"Vice President, Tax"
60352,2019-03-31,Preston Scott,Tax Vice President,PO Box 3058,0,Spartanburg,Sc,29304,3058,8883164238,8643367334,0,1,39,104,10,0,2,42,137,10,0,3,0,26,6,0,4,0,14,5,0,5,0,3,1,0,6,865.95,496.35,897,0,7,27632.19,16425.99,135.16,0,8,0,0,1,0,9A,0,1.86,1.2,0,9B,0,1.5,1,0,9C,0,7,4,0,10A,60,20,17,0,10B,72.37,20,17,0,10C,89.5,20,17,0,10D,171.36,15.8,29.81,0,10E,72,112,19,0,10F,51,439,57,0,10G,11,72,4,0,10H,9130,32950,3930,0,10I,61,91,19,0,Preston Scott,"Vice President, Tax"
60353,2019-03-31,Preston Scott,Tax Vice President,PO Box 3058,0,Spartanburg,Sc,29304,3058,8883164238,8643367334,0,1,21,82,13,0,2,21,115,13,0,3,0,31,8,0,4,0,17,6,0,5,0,3,2,0,6,871.43,499.57,997.69,0,7,14192.8,15094.79,212.77,0,8,0,0,0,0,9A,0,1.82,1.33,0,9B,0,1,1,0,9C,0,10,4,0,10A,59.2,20,17,0,10B,72.8,20,17,0,10C,90,20,17,0,10D,168.05,17.79,29.71,0,10E,35,87,44,0,10F,31,345,136,0,10G,3,62,5,0,10H,1540,28050,3530,0,10I,35,76,44,0,Preston Scott,"Vice President, Tax"
60354,2019-03-31,Preston Scott,Tax Vice President,PO Box 3058,0,Spartanburg,Sc,29304,3058,8883164238,8643367334,0,1,4,121,0,7,2,4,136,0,7,3,0,54,0,0,4,0,31,0,0,5,0,3,0,0,6,1205,546.69,0,708.57,7,12950.4,19869.71,0,6636,8,0,0,0,0,9A,0,1.74,0,0,9B,0,1,0,0,9C,0,16,0,0,10A,220,20,0,119.99,10B,261.25,20,0,123.98,10C,264,20,0,133.2,10D,170.25,18.01,0,180,10E,10,124,0,27,10F,4,523,0,16,10G,1,37,0,0,10H,1570,17900,0,0,10I,6,111,0,30,Preston Scott,"Vice President, Tax"
60356,2019-03-31,Preston Scott,Tax Vice President,PO Box 3058,0,Spartanburg,Sc,29304,3058,8883164238,8643367334,0,1,5,99,0,1,2,6,124,0,1,3,0,40,0,0,4,0,23,0,0,5,0,4,0,0,6,775,493.55,0,660,7,12041.68,16094.14,0,886,8,0,0,0,0,9A,0,1.74,0,0,9B,0,1,0,0,9C,0,13,0,0,10A,220,20,0,120,10B,256.67,20,0,124.35,10C,264,20,0,126.72,10D,164.33,18.62,0,180,10E,5,112,0,2,10F,6,429,0,2,10G,1,60,0,1,10H,1040,29850,0,660,10I,6,97,0,5,Preston Scott,"Vice President, Tax"
60357,2019-03-31,Preston Scott,Tax Vice President,PO Box 3058,0,Spartanburg,Sc,29304,3058,8883164238,8643367334,0,1,30,164,1,0,2,30,199,1,0,3,1,73,1,0,4,1,37,1,0,5,0,5,0,0,6,782.67,445.48,450,0,7,19335.33,24697.54,6.06,0,8,0,0,0,0,9A,1,1.97,1,0,9B,1,2,1,0,9C,1,16,1,0,10A,62,20,17,0,10B,76.59,20,17,0,10C,90,20,17,0,10D,172.94,18.57,30,0,10E,83,186,6,0,10F,45,650,15,0,10G,1,83,0,0,10H,800,34450,0,0,10I,59,159,4,0,Preston Scott,"Vice President, Tax"
60358,2019-03-31,Preston Scott,Tax Vice President,PO Box 3058,0,Spartanburg,Sc,29304,3058,8883164238,8643367334,0,1,43,170,6,0,2,44,209,6,0,3,0,60,3,0,4,0,30,2,0,5,0,4,1,0,6,847.05,446.41,1383.33,0,7,28307.85,22844.16,118.3,0,8,0,0,0,0,9A,0,2,1.5,0,9B,0,2,1.5,0,9C,0,14,1,0,10A,60,20,17,0,10B,73.1,20,17,0,10C,90,20,17,0,10D,171.14,17.87,29.89,0,10E,74,171,15,0,10F,56,683,39,0,10G,5,81,2,0,10H,4450,36250,2300,0,10I,77,154,16,0,Preston Scott,"Vice President, Tax"
60359,2019-03-31,Preston Scott,Tax Vice President,PO Box 3058,0,Spartanburg,Sc,29304,3058,8883164238,8643367334,0,1,58,135,19,0,2,59,162,23,0,3,6,58,7,0,4,6,28,5,0,5,0,4,2,0,6,733.05,492.28,1308.26,0,7,37235.2,22678.06,388.63,0,8,0,0,3,0,9A,1,2.07,1.4,0,9B,1,2,1,0,9C,6,11,3,0,10A,58.4,20,17,0,10B,73.24,20,17,0,10C,90,20,17,0,10D,169.97,18.8,29.73,0,10E,78,200,58,0,10F,81,653,163,0,10G,11,72,14,0,10H,8170,32450,12440,0,10I,84,159,55,0,Preston Scott,"Vice President, Tax"
60360,2019-03-31,Preston Scott,Tax Vice President,PO Box 3058,0,Spartanburg,Sc,29304,3058,8883164238,8643367334,0,1,26,124,6,0,2,28,143,7,0,3,0,54,4,0,4,0,24,2,0,5,0,5,2,0,6,806.07,457.69,1100,0,7,17337.78,17679.03,92.93,0,8,0,0,0,0,9A,0,2.25,2,0,9B,0,2,2,0,9C,0,9,2,0,10A,60.8,20,17,0,10B,74.43,20,17,0,10C,90,20,17,0,10D,168.57,16.23,30,0,10E,64,163,12,0,10F,33,557,41,0,10G,5,51,2,0,10H,5590,24050,1600,0,10I,52,116,14,0,Preston Scott,"Vice President, Tax"
60361,2019-03-31,Preston Scott,Tax Vice President,PO Box 3058,0,Spartanburg,Sc,29304,3058,8883164238,8643367334,0,1,14,100,0,5,2,16,114,0,5,3,0,51,0,0,4,0,21,0,0,5,0,5,0,0,6,831.88,476.32,0,1092,7,34575.4,15664.35,0,7188.6,8,0,0,0,1,9A,0,2.43,0,0,9B,0,2,0,0,9C,0,9,0,0,10A,200,20,0,119.99,10B,251.14,20,0,123.22,10C,264,20,0,132.77,10D,167.81,15.54,0,180,10E,31,124,0,7,10F,17,437,0,5,10G,4,43,0,0,10H,3900,18600,0,0,10I,20,82,0,12,Preston Scott,"Vice President, Tax"
60362,2019-03-31,Preston Scott,Tax Vice President,PO Box 3058,0,Spartanburg,Sc,29304,3058,8883164238,8643367334,0,1,2,80,0,2,2,2,89,0,2,3,0,44,0,0,4,0,19,0,0,5,0,5,0,0,6,650,570.79,0,1090,7,3492.42,15686.11,0,2871,8,0,0,0,1,9A,0,2.32,0,0,9B,0,1,0,0,9C,0,10,0,0,10A,220,20,0,119.99,10B,258.77,20,0,123.49,10C,264,20,0,130.42,10D,171,18.12,0,180,10E,11,92,0,7,10F,4,371,0,2,10G,0,28,0,0,10H,0,15500,0,0,10I,10,81,0,11,Preston Scott,"Vice President, Tax"
60363,2019-03-31,Preston Scott,Tax Vice President,PO Box 3058,0,Spartanburg,Sc,29304,3058,8883164238,8643367334,0,1,20,69,11,0,2,20,84,11,0,3,0,17,3,0,4,0,11,3,0,5,0,2,0,0,6,891.5,469.64,1700,0,7,13977.94,9950.57,218.25,0,8,0,0,1,0,9A,0,1.55,1,0,9B,0,1,1,0,9C,0,7,3,0,10A,60.8,20,17,0,10B,74.05,20,17,0,10C,90,20,17,0,10D,173.15,18.13,29.64,0,10E,44,108,34,0,10F,22,324,92,0,10G,3,43,4,0,10H,3210,16900,4800,0,10I,38,76,27,0,Preston Scott,"Vice President, Tax"
60364,2019-03-31,Preston Scott,Tax Vice President,PO Box 3058,0,Spartanburg,Sc,29304,3058,8883164238,8643367334,0,1,21,86,11,0,2,21,101,11,0,3,0,29,5,0,4,0,14,4,0,5,0,4,1,0,6,774.29,442.08,884.55,0,7,12885.62,11900.9,134.97,0,8,0,0,1,0,9A,0,2.07,1.25,0,9B,0,2,1,0,9C,0,6,3,0,10A,60,20,17,0,10B,72.91,20,17,0,10C,89.5,20,17,0,10D,170.1,19.73,29.75,0,10E,83,122,53,0,10F,39,424,160,0,10G,7,47,3,0,10H,6040,16800,1400,0,10I,56,113,53,0,Preston Scott,"Vice President, Tax"
60365,2019-03-31,Preston Scott,Tax Vice President,PO Box 3058,0,Spartanburg,Sc,29304,3058,8883164238,8643367334,0,1,10,144,0,6,2,11,224,0,6,3,0,84,0,0,4,0,37,0,0,5,0,4,0,0,6,400.91,418.3,0,1318.33,7,11123.78,26124.05,0,10323.6,8,0,0,0,0,9A,0,2.27,0,0,9B,0,2,0,0,9C,0,15,0,0,10A,220,20,0,120,10B,253.42,20,0,124.44,10C,264,20,0,133.2,10D,165.09,14.19,0,180,10E,20,132,0,8,10F,13,582,0,8,10G,3,115,0,1,10H,1400,45000,0,400,10I,13,112,0,12,Preston Scott,"Vice President, Tax"
60366,2019-03-31,Preston Scott,Tax Vice President,PO Box 3058,0,Spartanburg,Sc,29304,3058,8883164238,8643367334,0,1,26,87,2,0,2,29,101,2,0,3,0,60,1,0,4,0,27,1,0,5,0,4,0,0,6,966.55,503.96,725,0,7,21010.24,16029.77,23.62,0,8,0,0,1,0,9A,0,2.22,1,0,9B,0,2,1,0,9C,0,11,1,0,10A,60,20,17,0,10B,69.92,20,17,0,10C,90,20,17,0,10D,170.69,15.08,29.33,0,10E,59,104,18,0,10F,35,373,55,0,10G,11,35,1,0,10H,9600,18550,450,0,10I,48,71,18,0,Preston Scott,"Vice President, Tax"
60367,2019-03-31,Preston Scott,Tax Vice President,PO Box 3058,0,Spartanburg,Sc,29304,3058,8883164238,8643367334,0,1,28,46,4,0,2,29,56,4,0,3,1,20,4,0,4,1,8,2,0,5,0,4,2,0,6,1017.59,545.54,1450,0,7,22070.88,8505.84,73.48,0,8,0,0,0,0,9A,1,2.5,2,0,9B,1,1.5,2,0,9C,1,4,2,0,10A,58.8,20,17,0,10B,68.12,20,17,0,10C,89,20,17,0,10D,166.57,17.53,29.63,0,10E,46,62,6,0,10F,34,176,18,0,10G,5,26,1,0,10H,4290,12600,1500,0,10I,40,42,5,0,Preston Scott,"Vice President, Tax"
60368,2019-03-31,Preston Scott,Tax Vice President,PO Box 3058,0,Spartanburg,Sc,29304,3058,8883164238,8643367334,0,1,33,118,3,0,2,34,137,4,0,3,0,43,0,0,4,0,24,0,0,5,0,3,0,0,6,1062.06,541.97,1015,0,7,27507.96,20662,39.83,0,8,0,0,0,0,9A,0,1.79,0,0,9B,0,2,0,0,9C,0,11,0,0,10A,60,20,17,0,10B,72.05,20,17,0,10C,89.5,20,17,0,10D,169,17.71,30,0,10E,66,142,17,0,10F,46,505,40,0,10G,5,61,4,0,10H,5300,32500,4060,0,10I,64,111,14,0,Preston Scott,"Vice President, Tax"
60369,2019-03-31,Preston Scott,Tax Vice President,PO Box 3058,0,Spartanburg,Sc,29304,3058,8883164238,8643367334,0,1,0,85,0,4,2,0,102,0,4,3,0,25,0,0,4,0,12,0,0,5,0,3,0,0,6,0,517.65,0,972.5,7,0,12299.77,0,5152.8,8,0,0,0,0,9A,0,2.08,0,0,9B,0,1,0,0,9C,0,8,0,0,10A,0,20,0,119.99,10B,0,20,0,123.56,10C,0,20,0,133.2,10D,0,14.83,0,180,10E,1,113,0,1,10F,0,407,0,10,10G,0,45,0,1,10H,0,23450,0,600,10I,0,78,0,12,Preston Scott,"Vice President, Tax"
60370,2019-03-31,Preston Scott,Tax Vice President,PO Box 3058,0,Spartanburg,Sc,29304,3058,8883164238,8643367334,0,1,8,166,0,8,2,8,190,0,8,3,0,69,0,1,4,0,32,0,1,5,0,5,0,0,6,717.5,445.53,0,652.5,7,15276.47,22490.7,0,8460.07,8,0,0,0,0,9A,0,2.16,0,1,9B,0,1.5,0,1,9C,0,16,0,1,10A,220,20,0,120,10B,261.68,20,0,124.54,10C,264,20,0,133.2,10D,161,15.79,0,180,10E,13,206,0,11,10F,10,750,0,19,10G,2,68,0,5,10H,1490,26850,0,3690,10I,10,163,0,23,Preston Scott,"Vice President, Tax"
60371,2019-03-31,Preston Scott,Tax Vice President,PO Box 3058,0,Spartanburg,Sc,29304,3058,8883164238,8643367334,0,1,17,102,5,0,2,18,111,6,0,3,0,67,5,0,4,0,24,3,0,5,0,5,2,0,6,900.56,454.5,650,0,7,12364.19,14547.61,64.19,0,8,0,0,0,0,9A,0,2.79,1.67,0,9B,0,2,2,0,9C,0,7,2,0,10A,60,20,17,0,10B,70.24,20,17,0,10C,88.5,20,17,0,10D,173.72,15.58,29.82,0,10E,47,139,18,0,10F,29,520,53,0,10G,2,34,0,0,10H,1380,14800,0,0,10I,39,113,17,0,Preston Scott,"Vice President, Tax"
60372,2019-03-31,Preston Scott,Tax Vice President,PO Box 3058,0,Spartanburg,Sc,29304,3058,8883164238,8643367334,0,1,42,82,11,0,2,45,104,11,0,3,2,26,11,0,4,2,12,8,0,5,0,3,3,0,6,828.89,417.31,1113.64,0,7,30252.17,11622.97,214.44,0,8,0,0,1,0,9A,1,2.17,1.38,0,9B,1,2,1,0,9C,2,5,5,0,10A,60,20,17,0,10B,70.78,20,17,0,10C,90,20,17,0,10D,171.06,15.65,29.86,0,10E,125,98,22,0,10F,98,346,65,0,10G,12,52,2,0,10H,10000,19950,1500,0,10I,105,91,24,0,Preston Scott,"Vice President, Tax"
60373,2019-03-31,Preston Scott,Tax Vice President,PO Box 3058,0,Spartanburg,Sc,29304,3058,8883164238,8643367334,0,1,15,100,6,0,2,15,120,6,0,3,1,39,2,0,4,1,20,2,0,5,0,4,0,0,6,832.67,408.75,675,0,7,10106.34,13505.58,57.72,0,8,0,0,1,0,9A,1,1.95,1,0,9B,1,1.5,1,0,9C,1,10,2,0,10A,60.4,20,17,0,10B,69.45,20,17,0,10C,89.5,20,17,0,10D,169.25,15.75,29.88,0,10E,37,145,33,0,10F,21,542,84,0,10G,1,47,3,0,10H,500,18000,1750,0,10I,29,98,26,0,Preston Scott,"Vice President, Tax"
60374,2019-03-31,Preston Scott,Tax Vice President,PO Box 3058,0,Spartanburg,Sc,29304,3058,8883164238,8643367334,0,1,4,124,0,4,2,5,137,0,4,3,0,68,0,0,4,0,32,0,0,5,0,5,0,0,6,986,613.5,0,1455,7,13159.73,25881.26,0,7518.4,8,0,0,0,1,9A,0,2.13,0,0,9B,0,2,0,0,9C,0,14,0,0,10A,240,20,0,119.99,10B,252,20,0,122.87,10C,264,20,0,131.2,10D,163.4,17.39,0,180,10E,15,164,0,8,10F,6,598,0,7,10G,2,35,0,0,10H,1830,21100,0,0,10I,12,132,0,14,Preston Scott,"Vice President, Tax"
60375,2019-03-31,Preston Scott,Tax Vice President,PO Box 3058,0,Spartanburg,Sc,29304,3058,8883164238,8643367334,0,1,9,68,8,0,2,9,77,8,0,3,0,47,2,0,4,0,23,2,0,5,0,4,0,0,6,677.78,454.55,675,0,7,4384.47,11622.69,68.19,0,8,0,0,1,0,9A,0,2.04,1,0,9B,0,2,1,0,9C,0,11,2,0,10A,60,20,17,0,10B,70.99,20,17,0,10C,90,20,17,0,10D,167,19.9,29.8,0,10E,31,96,30,0,10F,18,329,75,0,10G,1,30,5,0,10H,800,13450,3450,0,10I,27,83,25,0,Preston Scott,"Vice President, Tax"
60376,2019-03-31,Preston Scott,Tax Vice President,PO Box 3058,0,Spartanburg,Sc,29304,3058,8883164238,8643367334,0,1,32,156,12,0,2,38,184,12,0,3,2,55,6,0,4,2,27,3,0,5,0,5,2,0,6,1006.58,446.74,872.5,0,7,30970.08,21946.29,147.74,0,8,0,0,0,0,9A,1,2.04,2,0,9B,1,1,2,0,9C,2,15,1,0,10A,60.4,20,17,0,10B,72.04,20,17,0,10C,90,20,17,0,10D,170.28,17.13,29.94,0,10E,75,213,28,0,10F,56,727,76,0,10G,12,74,7,0,10H,12020,32950,6410,0,10I,63,177,28,0,Preston Scott,"Vice President, Tax"
60377,2019-03-31,Preston Scott,Tax Vice President,PO Box 3058,0,Spartanburg,Sc,29304,3058,8883164238,8643367334,0,1,20,79,2,0,2,20,95,2,0,3,0,43,5,0,4,0,22,2,0,5,0,4,2,0,6,796,377.89,1400,0,7,12018.78,10575.05,68.24,0,8,0,0,0,0,9A,0,1.95,1.67,0,9B,0,1.5,2,0,9C,0,11,2,0,10A,60.4,20,17,0,10B,69.72,20,17,0,10C,87,20,17,0,10D,170.85,17.14,29.57,0,10E,40,104,27,0,10F,32,373,70,0,10G,5,41,0,0,10H,4300,15250,0,0,10I,35,90,23,0,Preston Scott,"Vice President, Tax"
60379,2019-03-31,Preston Scott,Tax Vice President,PO Box 3058,0,Spartanburg,Sc,29304,3058,8883164238,8643367334,0,1,7,105,0,7,2,7,130,0,7,3,0,51,0,0,4,0,20,0,0,5,0,5,0,0,6,817.14,514.23,0,702.86,7,14846.18,19142.41,0,6662.4,8,0,0,0,0,9A,0,2.55,0,0,9B,0,2,0,0,9C,0,7,0,0,10A,220,20,0,120,10B,256.22,20,0,126.42,10C,264,20,0,133.2,10D,167.29,16.46,0,180,10E,12,150,0,2,10F,7,562,0,7,10G,1,50,0,0,10H,1000,18800,0,0,10I,10,116,0,10,Preston Scott,"Vice President, Tax"
60381,2019-03-31,Preston Scott,Tax Vice President,PO Box 3058,0,Spartanburg,Sc,29304,3058,8883164238,8643367334,0,1,25,69,8,0,2,26,80,8,0,3,1,22,3,0,4,1,10,2,0,5,0,4,1,0,6,983.46,423.13,2041.25,0,7,20553.19,8830.16,232.01,0,8,0,0,1,0,9A,1,2.2,1.5,0,9B,1,2,1.5,0,9C,1,4,1,0,10A,60.4,20,17,0,10B,73.89,20,17,0,10C,90,20,17,0,10D,173.33,18.64,29.73,0,10E,45,104,14,0,10F,33,281,50,0,10G,6,30,5,0,10H,7720,13450,9410,0,10I,36,68,17,0,Preston Scott,"Vice President, Tax"
60382,2019-03-31,Preston Scott,Tax Vice President,PO Box 3058,0,Spartanburg,Sc,29304,3058,8883164238,8643367334,0,1,24,117,0,5,2,29,135,0,5,3,0,49,0,0,4,0,25,0,0,5,0,4,0,0,6,434.83,427.04,0,1122,7,32745.03,14985.47,0,7375.8,8,0,0,0,0,9A,0,1.96,0,0,9B,0,2,0,0,9C,0,10,0,0,10A,220,20,0,119.99,10B,257.64,20,0,123.05,10C,264,20,0,131.31,10D,167.34,18.02,0,180,10E,31,145,0,12,10F,32,573,0,11,10G,19,49,0,2,10H,9190,21050,0,1350,10I,21,123,0,19,Preston Scott,"Vice President, Tax"
60383,2019-03-31,Preston Scott,Tax Vice President,PO Box 3058,0,Spartanburg,Sc,29304,3058,8883164238,8643367334,0,1,23,101,5,0,2,24,116,5,0,3,0,39,1,0,4,0,19,1,0,5,0,3,0,0,6,839.58,468.97,1876,0,7,15448.8,14965.77,94.37,0,8,0,0,0,0,9A,0,2.05,1,0,9B,0,2,1,0,9C,0,9,1,0,10A,61.6,20,17,0,10B,70.34,20,17,0,10C,88.5,20,17,0,10D,171.71,15.1,29.67,0,10E,33,134,25,0,10F,31,482,64,0,10G,4,41,3,0,10H,2700,16800,4980,0,10I,37,107,23,0,Preston Scott,"Vice President, Tax"
60386,2019-03-31,Preston Scott,Tax Vice President,PO Box 3058,0,Spartanburg,Sc,29304,3058,8883164238,8643367334,0,1,12,122,0,12,2,12,155,0,12,3,0,51,0,1,4,0,25,0,1,5,0,4,0,0,6,407.5,412.26,0,715.83,7,12418.03,16889.16,0,12437.64,8,0,0,0,1,9A,0,2.04,0,1,9B,0,2,0,1,9C,0,11,0,1,10A,240,20,0,119.99,10B,251.25,20,0,124.8,10C,264,20,0,133.2,10D,166.58,15.8,0,180,10E,20,155,0,12,10F,14,555,0,15,10G,4,53,0,3,10H,760,19900,0,2500,10I,18,116,0,20,Preston Scott,"Vice President, Tax"
60387,2019-03-31,Preston Scott,Tax Vice President,PO Box 3058,0,Spartanburg,Sc,29304,3058,8883164238,8643367334,0,1,23,58,12,0,2,23,67,13,0,3,1,12,9,0,4,1,6,5,0,5,0,1,3,0,6,836.09,568.66,865.38,0,7,17038.84,8987.4,173.32,0,8,0,0,0,0,9A,1,2,1.8,0,9B,1,1,2,0,9C,1,4,2,0,10A,60.8,20,17,0,10B,75.83,20,17,0,10C,90,20,17,0,10D,168.42,19.57,29.77,0,10E,66,101,34,0,10F,38,298,103,0,10G,5,29,7,0,10H,3610,16650,5820,0,10I,60,79,34,0,Preston Scott,"Vice President, Tax"
60388,2019-03-31,Preston Scott,Tax Vice President,PO Box 3058,0,Spartanburg,Sc,29304,3058,8883164238,8643367334,0,1,0,171,10,0,2,0,206,11,0,3,0,40,5,0,4,0,22,3,0,5,0,3,2,0,6,0,543.69,1171.82,0,7,0,26332.79,160.87,0,8,0,0,2,0,9A,0,1.82,1.67,0,9B,0,1,2,0,9C,0,12,2,0,10A,0,20,17,0,10B,0,20,17,0,10C,0,20,17,0,10D,0,15.83,29.88,0,10E,0,225,42,0,10F,0,879,124,0,10G,0,79,7,0,10H,0,42250,9930,0,10I,0,173,37,0,Preston Scott,"Vice President, Tax"
60389,2019-03-31,Preston Scott,Tax Vice President,PO Box 3058,0,Spartanburg,Sc,29304,3058,8883164238,8643367334,0,1,7,152,0,5,2,7,188,0,5,3,0,99,0,0,4,0,42,0,0,5,0,5,0,0,6,537.14,504.79,0,782,7,9606.13,28756.96,0,5253,8,0,0,0,0,9A,0,2.36,0,0,9B,0,2,0,0,9C,0,15,0,0,10A,239.97,20,0,120,10B,257.14,20,0,125.84,10C,264,20,0,133.2,10D,166.86,15.1,0,180,10E,16,169,0,2,10F,10,643,0,6,10G,2,66,0,1,10H,1300,31300,0,1500,10I,11,116,0,9,Preston Scott,"Vice President, Tax"
60391,2019-03-31,Preston Scott,Tax Vice President,PO Box 3058,0,Spartanburg,Sc,29304,3058,8883164238,8643367334,0,1,58,78,6,0,2,60,101,6,0,3,3,40,5,0,4,3,21,3,0,5,0,4,2,0,6,832.5,469.31,1470,0,7,38699.7,12713.22,161.99,0,8,0,0,0,0,9A,1,1.9,1.67,0,9B,1,2,2,0,9C,3,9,2,0,10A,60,20,17,0,10B,69.33,20,17,0,10C,89,20,17,0,10D,169.52,15.77,29.82,0,10E,92,101,25,0,10F,82,396,71,0,10G,9,41,2,0,10H,6910,20000,3000,0,10I,93,82,18,0,Preston Scott,"Vice President, Tax"
60392,2019-03-31,Preston Scott,Tax Vice President,PO Box 3058,0,Spartanburg,Sc,29304,3058,8883164238,8643367334,0,1,0,90,0,0,2,0,103,0,0,3,0,43,0,0,4,0,23,0,0,5,0,4,0,0,6,0,450.97,0,0,7,0,12564.9,0,0,8,0,0,0,0,9A,0,1.87,0,0,9B,0,2,0,0,9C,0,11,0,0,10A,220,20,0,119.99,10B,249.33,20,0,122.44,10C,264,20,0,130.7,10D,0,17.58,0,0,10E,4,141,0,6,10F,0,487,0,0,10G,0,30,0,0,10H,0,11150,0,0,10I,0,110,0,0,Preston Scott,"Vice President, Tax"
60395,2019-03-31,Preston Scott,Tax Vice President,PO Box 3058,0,Spartanburg,Sc,29304,3058,8883164238,8643367334,0,1,18,75,11,0,2,19,93,11,0,3,0,23,5,0,4,0,14,3,0,5,0,2,2,0,6,706.84,458.6,645.45,0,7,10469.42,10455.35,94.65,0,8,0,0,2,0,9A,0,1.64,1.67,0,9B,0,2,2,0,9C,0,7,2,0,10A,59.2,20,17,0,10B,74.29,20,17,0,10C,90,20,17,0,10D,171.95,19.58,29.69,0,10E,48,95,41,0,10F,30,330,113,0,10G,3,43,3,0,10H,1600,18600,2000,0,10I,44,88,38,0,Preston Scott,"Vice President, Tax"
60396,2019-03-31,Preston Scott,Tax Vice President,PO Box 3058,0,Spartanburg,Sc,29304,3058,8883164238,8643367334,0,1,51,164,24,0,2,52,207,26,0,3,4,62,9,0,4,4,34,7,0,5,0,4,2,0,6,837.5,570.29,1063.85,0,7,36239.82,32060.99,406.24,0,8,0,0,0,0,9A,1,1.82,1.29,0,9B,1,2,1,0,9C,4,16,5,0,10A,60.4,20,17,0,10B,70.44,20,17,0,10C,90,20,17,0,10D,172.98,15.58,29.63,0,10E,108,172,45,0,10F,87,659,123,0,10G,8,90,17,0,10H,4900,50150,17110,0,10I,112,136,48,0,Preston Scott,"Vice President, Tax"
60398,2019-03-31,Preston Scott,Tax Vice President,PO Box 3058,0,Spartanburg,Sc,29304,3058,8883164238,8643367334,0,1,21,55,23,0,2,22,58,24,0,3,0,24,20,0,4,0,11,12,0,5,0,3,8,0,6,929.09,475.86,837.92,0,7,15763.95,8207.06,371.27,0,8,0,0,2,0,9A,0,2.18,1.67,0,9B,0,2,2,0,9C,0,6,8,0,10A,60,20,17,0,10B,72.5,20,17,0,10C,89.5,20,17,0,10D,171.05,16.18,29.68,0,10E,94,66,59,0,10F,45,269,184,0,10G,7,17,8,0,10H,6270,9150,7010,0,10I,65,62,59,0,Preston Scott,"Vice President, Tax"
60399,2019-03-31,Preston Scott,Tax Vice President,PO Box 3058,0,Spartanburg,Sc,29304,3058,8883164238,8643367334,0,1,4,81,0,2,2,4,104,0,2,3,0,49,0,0,4,0,22,0,0,5,0,4,0,0,6,837.5,568.75,0,1050,7,8802.16,17919.17,0,2771.4,8,0,0,0,0,9A,0,2.23,0,0,9B,0,2,0,0,9C,0,8,0,0,10A,200,20,0,120,10B,257.4,20,0,123.6,10C,264,20,0,129.9,10D,165,13.96,0,180,10E,13,89,0,4,10F,5,380,0,4,10G,2,43,0,0,10H,2300,22700,0,0,10I,7,70,0,4,Preston Scott,"Vice President, Tax"
60400,2019-03-31,Preston Scott,Tax Vice President,PO Box 3058,0,Spartanburg,Sc,29304,3058,8883164238,8643367334,0,1,19,83,13,0,2,20,100,14,0,3,1,22,7,0,4,1,13,5,0,5,0,3,2,0,6,932.5,506.5,933.57,0,7,14355.6,12660.27,174.21,0,8,0,0,1,0,9A,1,1.69,1.4,0,9B,1,1,1,0,9C,1,8,3,0,10A,60.4,20,17,0,10B,69,20,17,0,10C,89,20,17,0,10D,171.81,18.97,29.76,0,10E,47,122,67,0,10F,36,439,179,0,10G,4,45,7,0,10H,3710,22900,7870,0,10I,47,94,56,0,Preston Scott,"Vice President, Tax"
60401,2019-03-31,Preston Scott,Tax Vice President,PO Box 3058,0,Spartanburg,Sc,29304,3058,8883164238,8643367334,0,1,4,101,0,5,2,5,120,0,5,3,0,49,0,0,4,0,26,0,0,5,0,4,0,0,6,522,547.08,0,1122,7,6745.45,19363.55,0,7375.8,8,0,0,0,1,9A,0,1.88,0,0,9B,0,1.5,0,0,9C,0,13,0,0,10A,240,20,0,119.99,10B,253.09,20,0,123.35,10C,264,20,0,129.9,10D,165.2,16.33,0,180,10E,6,103,0,7,10F,5,445,0,6,10G,3,40,0,1,10H,1580,21500,0,2830,10I,5,86,0,14,Preston Scott,"Vice President, Tax"
60402,2019-03-31,Preston Scott,Tax Vice President,PO Box 3058,0,Spartanburg,Sc,29304,3058,8883164238,8643367334,0,1,40,91,13,0,2,42,116,13,0,3,0,29,4,0,4,0,13,2,0,5,0,3,1,0,6,968.33,493.53,2131.54,0,7,30846.47,14162.2,315.25,0,8,0,0,1,0,9A,0,2.23,2,0,9B,0,2,2,0,9C,0,6,1,0,10A,60.4,20,17,0,10B,71.78,20,17,0,10C,89.5,20,17,0,10D,170.17,13.13,29.76,0,10E,76,89,27,0,10F,54,408,88,0,10G,11,52,7,0,10H,9960,24000,15370,0,10I,62,73,32,0,Preston Scott,"Vice President, Tax"
60404,2019-03-31,Preston Scott,Tax Vice President,PO Box 3058,0,Spartanburg,Sc,29304,3058,8883164238,8643367334,0,1,32,55,16,0,2,32,63,16,0,3,4,28,10,0,4,4,14,8,0,5,0,3,2,0,6,797.19,484.92,1364.38,0,7,21077.32,9070.6,415.54,0,8,0,0,1,0,9A,1,2,1.25,0,9B,1,1.5,1,0,9C,4,7,6,0,10A,60,20,17,0,10B,69.79,20,17,0,10C,89,20,17,0,10D,171.31,19.19,29.65,0,10E,115,82,89,0,10F,88,286,241,0,10G,8,20,6,0,10H,6560,9100,7100,0,10I,111,64,80,0,Preston Scott,"Vice President, Tax"
60405,2019-03-31,Preston Scott,Tax Vice President,PO Box 3058,0,Spartanburg,Sc,29304,3058,8883164238,8643367334,0,1,22,57,20,0,2,26,73,21,0,3,0,30,9,0,4,0,13,6,0,5,0,4,3,0,6,962.69,416.44,1242.38,0,7,20442.41,8616.8,321.96,0,8,0,0,0,0,9A,0,2.31,1.5,0,9B,0,2,1.5,0,9C,0,4,3,0,10A,62.4,20,17,0,10B,75.34,20,17,0,10C,90,20,17,0,10D,169.88,15.67,29.8,0,10E,36,69,30,0,10F,35,249,94,0,10G,7,39,10,0,10H,8010,16800,15340,0,10I,35,48,34,0,Preston Scott,"Vice President, Tax"
60406,2019-03-31,Preston Scott,Tax Vice President,PO Box 3058,0,Spartanburg,Sc,29304,3058,8883164238,8643367334,0,1,20,63,11,0,2,20,76,11,0,3,0,21,3,0,4,0,11,2,0,5,0,2,1,0,6,897.5,528.29,1583.64,0,7,14166.43,10088.19,200.95,0,8,0,0,1,0,9A,0,1.91,1.5,0,9B,0,2,1.5,0,9C,0,6,1,0,10A,61.6,20,17,0,10B,74.79,20,17,0,10C,89.5,20,17,0,10D,170.2,19.69,29.93,0,10E,37,100,25,0,10F,22,332,77,0,10G,2,29,7,0,10H,2160,15150,13440,0,10I,34,78,26,0,Preston Scott,"Vice President, Tax"
60409,2019-03-31,Preston Scott,Tax Vice President,PO Box 3058,0,Spartanburg,Sc,29304,3058,8883164238,8643367334,0,1,27,77,0,10,2,29,91,0,10,3,0,48,0,0,4,0,24,0,0,5,0,4,0,0,6,548.97,423.08,0,967,7,39897.66,12398.75,0,12592.8,8,0,0,0,1,9A,0,2,0,0,9B,0,2,0,0,9C,0,10,0,0,10A,200,20,0,120,10B,241.68,20,0,124.85,10C,264,20,0,133.2,10D,166.79,16.2,0,180,10E,32,91,0,12,10F,29,353,0,10,10G,9,38,0,2,10H,4840,13350,0,1280,10I,29,74,0,15,Preston Scott,"Vice President, Tax"
60411,2019-03-31,Preston Scott,Tax Vice President,PO Box 3058,0,Spartanburg,Sc,29304,3058,8883164238,8643367334,0,1,0,149,0,6,2,0,175,0,6,3,0,60,0,0,4,0,26,0,0,5,0,4,0,0,6,0,508.57,0,1013.33,7,0,24176.31,0,8037.6,8,0,0,0,3,9A,0,2.31,0,0,9B,0,2,0,0,9C,0,10,0,0,10A,264,20,0,119.99,10B,264,20,0,125.45,10C,264,20,0,132,10D,0,17.91,0,180,10E,0,205,0,9,10F,0,641,0,7,10G,0,64,0,1,10H,0,30250,0,500,10I,0,151,0,13,Preston Scott,"Vice President, Tax"
60412,2019-03-31,Preston Scott,Tax Vice President,PO Box 3058,0,Spartanburg,Sc,29304,3058,8883164238,8643367334,0,1,24,105,9,0,2,25,136,9,0,3,0,45,7,0,4,0,21,6,0,5,0,3,1,0,6,826,483.82,668.89,0,7,15121.37,18289.24,101.82,0,8,0,0,0,0,9A,0,2.14,1.17,0,9B,0,2,1,0,9C,0,7,5,0,10A,60.4,20,17,0,10B,69.55,20,17,0,10C,87.5,20,17,0,10D,169.72,18.19,29.81,0,10E,58,107,14,0,10F,43,412,44,0,10G,6,57,3,0,10H,4520,25250,1900,0,10I,55,101,13,0,Preston Scott,"Vice President, Tax"
60413,2019-03-31,Preston Scott,Tax Vice President,PO Box 3058,0,Spartanburg,Sc,29304,3058,8883164238,8643367334,0,1,56,113,5,0,2,58,147,5,0,3,0,36,1,0,4,0,16,1,0,5,0,4,0,0,6,807.41,455.44,610,0,7,35775.45,16756.14,36.84,0,8,0,0,1,0,9A,0,2.25,1,0,9B,0,2,1,0,9C,0,5,1,0,10A,60.4,20,17,0,10B,70.93,20,17,0,10C,89.5,20,17,0,10D,172.57,16.04,29.83,0,10E,78,110,13,0,10F,76,464,32,0,10G,12,71,3,0,10H,8290,32000,1550,0,10I,84,79,10,0,Preston Scott,"Vice President, Tax"
60421,2019-03-31,Preston Scott,Tax Vice President,PO Box 3058,0,Spartanburg,Sc,29304,3058,8883164238,8643367334,0,1,15,72,22,0,2,15,85,23,0,3,1,13,8,0,4,1,9,5,0,5,0,1,3,0,6,1030,480.59,828.7,0,7,12173.7,9651.6,224.78,0,8,0,0,0,0,9A,1,1.44,1.6,0,9B,1,1,2,0,9C,1,5,3,0,10A,59.6,20,17,0,10B,74.31,20,17,0,10C,89.5,20,17,0,10D,168.5,21.48,29.87,0,10E,31,126,42,0,10F,21,367,142,0,10G,1,31,9,0,10H,1350,12300,9000,0,10I,28,107,51,0,Preston Scott,"Vice President, Tax"
60422,2019-03-31,Preston Scott,Tax Vice President,PO Box 3058,0,Spartanburg,Sc,29304,3058,8883164238,8643367334,0,1,26,110,8,0,2,26,159,8,0,3,0,42,2,0,4,0,23,2,0,5,0,3,0,0,6,780,399.06,652.5,0,7,16684.8,17112.14,61.34,0,8,0,0,0,0,9A,0,1.83,1,0,9B,0,1,1,0,9C,0,13,2,0,10A,60.4,20,17,0,10B,79.07,20,17,0,10C,90,20,17,0,10D,169.65,18.7,29.7,0,10E,30,98,12,0,10F,36,372,33,0,10G,7,90,4,0,10H,6430,32250,2940,0,10I,32,103,14,0,Preston Scott,"Vice President, Tax"
60423,2019-03-31,Preston Scott,Tax Vice President,PO Box 3058,0,Spartanburg,Sc,29304,3058,8883164238,8643367334,0,1,25,84,3,0,2,26,108,3,0,3,1,21,0,0,4,1,13,0,0,5,0,2,0,0,6,919.62,506.94,1336.67,0,7,20051.38,13389.1,39.01,0,8,0,0,0,0,9A,1,1.62,0,0,9B,1,1,0,0,9C,1,7,0,0,10A,60.4,20,17,0,10B,80.03,20,17,0,10C,90,20,17,0,10D,167,20.29,30,0,10E,40,117,15,0,10F,37,323,38,0,10G,5,53,2,0,10H,4500,28800,3230,0,10I,39,93,10,0,Preston Scott,"Vice President, Tax"
60425,2019-03-31,Preston Scott,Tax Vice President,PO Box 3058,0,Spartanburg,Sc,29304,3058,8883164238,8643367334,0,1,29,136,6,0,2,29,174,6,0,3,0,55,6,0,4,0,28,4,0,5,0,4,2,0,6,980.69,555.17,2223.33,0,7,21556.11,26198.16,244.09,0,8,0,0,1,0,9A,0,1.96,1.5,0,9B,0,1.5,1.5,0,9C,0,14,2,0,10A,60.4,20,17,0,10B,71.89,20,17,0,10C,90,20,17,0,10D,169.83,15.2,29.92,0,10E,47,157,22,0,10F,37,557,74,0,10G,3,78,2,0,10H,3700,41000,2970,0,10I,35,102,19,0,Preston Scott,"Vice President, Tax"
60426,2019-03-31,Preston Scott,Tax Vice President,PO Box 3058,0,Spartanburg,Sc,29304,3058,8883164238,8643367334,0,1,19,70,9,0,2,19,88,9,0,3,1,35,10,0,4,1,23,5,0,5,0,3,4,0,6,1018.95,480.11,1418.89,0,7,15819.21,12309.61,188.74,0,8,0,0,1,0,9A,1,1.52,2,0,9B,1,1,2,0,9C,1,14,3,0,10A,60.8,20,17,0,10B,70.65,20,17,0,10C,89,20,17,0,10D,172.4,16.85,29.74,0,10E,63,62,20,0,10F,40,280,72,0,10G,4,36,2,0,10H,4120,15450,3500,0,10I,55,63,24,0,Preston Scott,"Vice President, Tax"
60427,2019-03-31,Preston Scott,Tax Vice President,PO Box 3058,0,Spartanburg,Sc,29304,3058,8883164238,8643367334,0,1,11,97,9,0,2,12,118,9,0,3,0,33,10,0,4,0,18,6,0,5,0,3,4,0,6,760.83,467.8,1188.89,0,7,6995.44,14401.8,251.01,0,8,0,0,1,0,9A,0,1.83,1.67,0,9B,0,1,2,0,9C,0,11,4,0,10A,60,20,17,0,10B,71.5,20,17,0,10C,89.5,20,17,0,10D,170.17,16.11,29.58,0,10E,39,120,7,0,10F,17,467,36,0,10G,6,47,3,0,10H,4150,17600,2000,0,10I,36,98,12,0,Preston Scott,"Vice President, Tax"
60428,2019-03-31,Preston Scott,Tax Vice President,PO Box 3058,0,Spartanburg,Sc,29304,3058,8883164238,8643367334,0,1,5,98,0,4,2,5,119,0,4,3,0,50,0,0,4,0,27,0,0,5,0,3,0,0,6,768,465.55,0,475,7,9656.94,15804.59,0,2665.8,8,0,0,0,1,9A,0,1.85,0,0,9B,0,1,0,0,9C,0,15,0,0,10A,239.99,20,0,119.99,10B,248.57,20,0,123.59,10C,264,20,0,132.77,10D,165.6,16.28,0,180,10E,24,97,0,7,10F,7,398,0,10,10G,2,38,0,0,10H,1650,15450,0,0,10I,13,83,0,15,Preston Scott,"Vice President, Tax"
60429,2019-03-31,Preston Scott,Tax Vice President,PO Box 3058,0,Spartanburg,Sc,29304,3058,8883164238,8643367334,0,1,6,112,14,0,2,6,150,14,0,3,1,28,11,0,4,1,19,9,0,5,0,3,2,0,6,988.33,462.33,677.86,0,7,5193.01,16231.22,142.58,0,8,0,0,0,0,9A,1,1.47,1.22,0,9B,1,1,1,0,9C,1,14,7,0,10A,60.4,20,17,0,10B,72.42,20,17,0,10C,90,20,17,0,10D,171.14,20.02,29.88,0,10E,24,148,37,0,10F,15,496,117,0,10G,2,81,3,0,10H,2300,37600,2300,0,10I,15,119,39,0,Preston Scott,"Vice President, Tax"
60430,2019-03-31,Preston Scott,Tax Vice President,PO Box 3058,0,Spartanburg,Sc,29304,3058,8883164238,8643367334,0,1,15,84,4,0,2,15,102,4,0,3,0,42,3,0,4,0,16,1,0,5,0,3,1,0,6,969.33,475.98,1017.5,0,7,10777.62,13665.77,49.88,0,8,0,0,0,0,9A,0,2.63,3,0,9B,0,2,3,0,9C,0,7,1,0,10A,59.2,20,17,0,10B,69.09,20,17,0,10C,72,20,17,0,10D,172.6,16.55,29.86,0,10E,31,96,20,0,10F,16,417,50,0,10G,2,45,2,0,10H,2280,18600,1000,0,10I,26,76,13,0,Preston Scott,"Vice President, Tax"
60431,2019-03-31,Preston Scott,Tax Vice President,PO Box 3058,0,Spartanburg,Sc,29304,3058,8883164238,8643367334,0,1,14,78,11,0,2,14,83,12,0,3,0,15,2,0,4,0,10,2,0,5,0,2,0,0,6,1003.57,568.67,717.5,0,7,10116.75,11316.27,97.51,0,8,0,0,0,0,9A,0,1.5,1,0,9B,0,1,1,0,9C,0,6,2,0,10A,60,20,17,0,10B,72.13,20,17,0,10C,89.5,20,17,0,10D,169.07,19.92,29.93,0,10E,42,116,21,0,10F,22,324,71,0,10G,2,27,7,0,10H,2300,14150,4430,0,10I,33,71,24,0,Preston Scott,"Vice President, Tax"
60432,2019-03-31,Preston Scott,Tax Vice President,PO Box 3058,0,Spartanburg,Sc,29304,3058,8883164238,8643367334,0,1,19,72,6,0,2,21,87,6,0,3,0,21,1,0,4,0,11,1,0,5,0,2,0,0,6,980.95,575.86,1606.67,0,7,15285.97,13159.42,106.29,0,8,0,0,0,0,9A,0,1.91,1,0,9B,0,2,1,0,9C,0,4,1,0,10A,60.8,20,17,0,10B,70.48,20,17,0,10C,89.5,20,17,0,10D,168.9,16.69,29.57,0,10E,40,82,7,0,10F,26,337,21,0,10G,4,31,3,0,10H,2300,17800,6120,0,10I,39,61,5,0,Preston Scott,"Vice President, Tax"
60434,2019-03-31,Preston Scott,Tax Vice President,PO Box 3058,0,Spartanburg,Sc,29304,3058,8883164238,8643367334,0,1,23,86,11,0,2,25,108,11,0,3,1,30,8,0,4,1,16,5,0,5,0,2,3,0,6,902,530.09,850.91,0,7,18559.14,14743.82,128.1,0,8,0,0,1,0,9A,1,1.88,1.6,0,9B,1,1.5,2,0,9C,1,8,3,0,10A,60.4,20,17,0,10B,73.58,20,17,0,10C,90,20,17,0,10D,171.27,18.12,29.74,0,10E,68,122,29,0,10F,41,418,91,0,10G,6,48,2,0,10H,5140,24700,1500,0,10I,59,99,31,0,Preston Scott,"Vice President, Tax"
60435,2019-03-31,Preston Scott,Tax Vice President,PO Box 3058,0,Spartanburg,Sc,29304,3058,8883164238,8643367334,0,1,18,58,6,0,2,21,74,6,0,3,1,14,4,0,4,1,8,3,0,5,0,2,1,0,6,883.33,416.89,2205,0,7,15604.75,6984.13,224.81,0,8,0,0,1,0,9A,1,1.75,1.33,0,9B,1,1.5,1,0,9C,1,4,2,0,10A,60,20,17,0,10B,74.42,20,17,0,10C,89.5,20,17,0,10D,173,16.44,29.8,0,10E,43,83,18,0,10F,32,254,61,0,10G,6,41,1,0,10H,4810,17700,400,0,10I,35,61,20,0,Preston Scott,"Vice President, Tax"
60437,2019-03-31,Preston Scott,Tax Vice President,PO Box 3058,0,Spartanburg,Sc,29304,3058,8883164238,8643367334,0,1,8,85,0,7,2,8,122,0,7,3,0,44,0,0,4,0,21,0,0,5,0,4,0,0,6,580,471.31,0,544.29,7,12274.15,15723.32,0,5195.8,8,0,0,0,0,9A,0,2.1,0,0,9B,0,2,0,0,9C,0,8,0,0,10A,200,20,0,120,10B,252.6,20,0,124.1,10C,264,20,0,130.84,10D,166.88,14.77,0,180,10E,15,110,0,4,10F,9,365,0,10,10G,2,55,0,0,10H,1350,24100,0,0,10I,8,68,0,14,Preston Scott,"Vice President, Tax"
60439,2019-03-31,Preston Scott,Tax Vice President,PO Box 3058,0,Spartanburg,Sc,29304,3058,8883164238,8643367334,0,1,27,121,33,0,2,30,139,34,0,3,0,32,18,0,4,0,21,15,0,5,0,2,3,0,6,996.67,475.9,1108.24,0,7,21852.6,16445.53,548.06,0,8,0,0,0,0,9A,0,1.52,1.2,0,9B,0,1,1,0,9C,0,14,12,0,10A,58.4,20,17,0,10B,68.97,20,17,0,10C,87.5,20,17,0,10D,169.43,18.53,29.67,0,10E,72,173,67,0,10F,46,619,218,0,10G,6,49,14,0,10H,6990,20400,16540,0,10I,64,157,71,0,Preston Scott,"Vice President, Tax"
60440,2019-03-31,Preston Scott,Tax Vice President,PO Box 3058,0,Spartanburg,Sc,29304,3058,8883164238,8643367334,0,1,4,86,0,0,2,4,109,0,0,3,0,49,0,0,4,0,26,0,0,5,0,4,0,0,6,447.5,391.74,0,0,7,4805.78,12591.59,0,0,8,0,0,0,0,9A,0,1.88,0,0,9B,0,1,0,0,9C,0,15,0,0,10A,240,20,0,119.99,10B,259.2,20,0,124.77,10C,264,20,0,133.2,10D,166.5,15.07,0,0,10E,3,109,0,5,10F,4,349,0,0,10G,0,36,0,0,10H,0,11450,0,0,10I,1,79,0,0,Preston Scott,"Vice President, Tax"
60441,2019-03-31,Preston Scott,Tax Vice President,PO Box 3058,0,Spartanburg,Sc,29304,3058,8883164238,8643367334,0,1,34,143,10,0,2,39,170,10,0,3,2,51,10,0,4,2,26,7,0,5,0,4,3,0,6,969.23,399.71,821,0,7,30921.81,17771.77,147.75,0,8,0,0,0,0,9A,1,1.96,1.43,0,9B,1,2,1,0,9C,2,11,4,0,10A,58.8,20,17,0,10B,73.02,20,17,0,10C,90,20,17,0,10D,170.1,16.45,29.65,0,10E,72,155,34,0,10F,73,697,103,0,10G,23,60,4,0,10H,23670,20200,4000,0,10I,74,136,31,0,Preston Scott,"Vice President, Tax"
60445,2019-03-31,Preston Scott,Tax Vice President,PO Box 3058,0,Spartanburg,Sc,29304,3058,8883164238,8643367334,0,1,3,112,0,3,2,3,136,0,3,3,0,52,0,0,4,0,27,0,0,5,0,3,0,0,6,1333.33,501.47,0,1040,7,8993.37,19376.55,0,4118.4,8,0,0,0,0,9A,0,1.93,0,0,9B,0,2,0,0,9C,0,11,0,0,10A,200,20,0,120,10B,243.58,20,0,124.46,10C,264,20,0,129.43,10D,163,16.13,0,180,10E,13,115,0,4,10F,3,504,0,3,10G,1,48,0,0,10H,1500,22050,0,0,10I,7,95,0,8,Preston Scott,"Vice President, Tax"
60446,2019-03-31,Preston Scott,Tax Vice President,PO Box 3058,0,Spartanburg,Sc,29304,3058,8883164238,8643367334,0,1,60,156,17,0,2,63,193,17,0,3,0,80,11,0,4,0,41,9,0,5,0,4,2,0,6,973.65,492.23,1211.18,0,7,47630.47,26883.47,329.18,0,8,0,0,2,0,9A,0,1.95,1.22,0,9B,0,2,1,0,9C,0,22,7,0,10A,60,20,17,0,10B,72.33,20,17,0,10C,90,20,17,0,10D,171.46,17.82,29.68,0,10E,165,198,47,0,10F,92,715,131,0,10G,12,73,8,0,10H,14100,32400,9250,0,10I,123,163,45,0,Preston Scott,"Vice President, Tax"
60447,2019-03-31,Preston Scott,Tax Vice President,PO Box 3058,0,Spartanburg,Sc,29304,3058,8883164238,8643367334,0,1,6,132,0,11,2,7,163,0,12,3,0,87,0,0,4,0,38,0,0,5,0,4,0,0,6,444.29,512.58,0,660.83,7,8347.64,25790.12,0,10653,8,0,0,0,1,9A,0,2.29,0,0,9B,0,2,0,0,9C,0,14,0,0,10A,220,20,0,119.99,10B,257.82,20,0,124.8,10C,264,20,0,131.2,10D,165.71,16.42,0,180,10E,18,164,0,13,10F,7,599,0,17,10G,3,52,0,2,10H,900,21100,0,1030,10I,10,140,0,28,Preston Scott,"Vice President, Tax"
60448,2019-03-31,Preston Scott,Tax Vice President,PO Box 3058,0,Spartanburg,Sc,29304,3058,8883164238,8643367334,0,1,27,102,7,0,2,27,118,7,0,3,0,41,4,0,4,0,20,3,0,5,0,4,1,0,6,949.63,450.85,1644.29,0,7,19313.73,14664.23,161.72,0,8,0,0,4,0,9A,0,2.05,1.33,0,9B,0,2,1,0,9C,0,9,2,0,10A,60.8,20,17,0,10B,74.55,20,17,0,10C,240,20,17,0,10D,169,14.84,29.73,0,10E,47,127,25,1,10F,34,494,60,0,10G,4,55,2,0,10H,3000,21450,6450,0,10I,48,86,19,0,Preston Scott,"Vice President, Tax"
60449,2019-03-31,Preston Scott,Tax Vice President,PO Box 3058,0,Spartanburg,Sc,29304,3058,8883164238,8643367334,0,1,36,105,7,0,2,36,131,7,0,3,0,55,5,0,4,0,23,2,0,5,0,4,2,0,6,754.72,473.28,1300,0,7,20158.51,19047.42,118.06,0,8,0,0,2,0,9A,0,2.39,2.5,0,9B,0,2,2.5,0,9C,0,7,1,0,10A,60.4,20,17,0,10B,70.3,20,17,0,10C,90,20,17,0,10D,170.89,15.45,29.83,0,10E,47,125,15,0,10F,44,430,50,0,10G,6,48,3,0,10H,4530,19150,2180,0,10I,48,108,17,0,Preston Scott,"Vice President, Tax"
60450,2019-03-31,Preston Scott,Tax Vice President,PO Box 3058,0,Spartanburg,Sc,29304,3058,8883164238,8643367334,0,1,14,107,0,4,2,14,124,0,4,3,0,61,0,0,4,0,24,0,0,5,0,4,0,0,6,512.86,560.48,0,1012.5,7,18230.39,21021.78,0,5353.8,8,0,0,0,0,9A,0,2.54,0,0,9B,0,2,0,0,9C,0,7,0,0,10A,240,20,0,120,10B,255.69,20,0,125.8,10C,264,20,0,133.2,10D,167.29,17.03,0,180,10E,13,112,0,5,10F,16,442,0,4,10G,7,49,0,1,10H,3340,23400,0,450,10I,8,101,0,6,Preston Scott,"Vice President, Tax"
60451,2019-03-31,Preston Scott,Tax Vice President,PO Box 3058,0,Spartanburg,Sc,29304,3058,8883164238,8643367334,0,1,21,105,0,7,2,21,119,0,8,3,0,74,0,0,4,0,28,0,0,5,0,4,0,0,6,485.71,512.18,0,695,7,25075.52,19161.43,0,7535.4,8,0,0,0,0,9A,0,2.64,0,0,9B,0,2,0,0,9C,0,9,0,0,10A,200,20,0,119.99,10B,242.41,20,0,123.86,10C,264,20,0,133.2,10D,167,18.01,0,180,10E,32,127,0,10,10F,25,491,0,9,10G,5,36,0,4,10H,2080,16100,0,2660,10I,29,110,0,13,Preston Scott,"Vice President, Tax"
60453,2019-03-31,Preston Scott,Tax Vice President,PO Box 3058,0,Spartanburg,Sc,29304,3058,8883164238,8643367334,0,1,13,63,11,0,2,14,77,11,0,3,0,26,9,0,4,0,11,5,0,5,0,3,3,0,6,830.71,546.75,798.18,0,7,9387.46,10837.86,198.63,0,8,0,0,0,0,9A,0,2.36,1.8,0,9B,0,2,2,0,9C,0,6,2,0,10A,66.8,20,17,0,10B,75.99,20,17,0,10C,89.5,20,17,0,10D,173.93,18.96,29.6,0,10E,31,88,39,0,10F,21,350,106,0,10G,3,32,3,0,10H,2050,17400,2250,0,10I,28,75,39,0,Preston Scott,"Vice President, Tax"
60454,2019-03-31,Preston Scott,Tax Vice President,PO Box 3058,0,Spartanburg,Sc,29304,3058,8883164238,8643367334,0,1,7,80,2,0,2,7,106,2,0,3,0,38,3,0,4,0,19,2,0,5,0,4,1,0,6,705.71,379.72,2835,0,7,3669.2,11316.1,115.25,0,8,0,0,1,0,9A,0,2,1.5,0,9B,0,2,1.5,0,9C,0,8,1,0,10A,60,20,17,0,10B,69.16,20,17,0,10C,84.5,20,17,0,10D,168.71,17.88,29.8,0,10E,23,104,14,0,10F,8,356,39,0,10G,1,51,0,0,10H,720,20000,0,0,10I,16,78,13,0,Preston Scott,"Vice President, Tax"
60455,2019-03-31,Preston Scott,Tax Vice President,PO Box 3058,0,Spartanburg,Sc,29304,3058,8883164238,8643367334,0,1,13,95,0,5,2,13,112,0,5,3,0,47,0,0,4,0,26,0,0,5,0,4,0,0,6,745.38,475.89,0,828,7,25509.31,15308.61,0,5465.4,8,0,0,0,0,9A,0,1.81,0,0,9B,0,1,0,0,9C,0,14,0,0,10A,200,20,0,119.99,10B,251.24,20,0,124.15,10C,264,20,0,133.2,10D,167.62,15.87,0,180,10E,24,120,0,6,10F,15,413,0,7,10G,5,37,0,1,10H,4070,12600,0,800,10I,19,93,0,12,Preston Scott,"Vice President, Tax"
60456,2019-03-31,Preston Scott,Tax Vice President,PO Box 3058,0,Spartanburg,Sc,29304,3058,8883164238,8643367334,0,1,56,127,10,0,2,59,156,11,0,3,1,45,6,0,4,1,25,5,0,5,0,3,1,0,6,988.81,513.78,2662.73,0,7,44188,21159.19,387.78,0,8,0,0,1,0,9A,1,1.8,1.2,0,9B,1,1,1,0,9C,1,13,4,0,10A,58.4,20,17,0,10B,70.8,20,17,0,10C,89.5,20,17,0,10D,170.83,14.04,29.71,0,10E,72,144,19,0,10F,78,542,58,0,10G,15,59,5,0,10H,16560,24050,6690,0,10I,72,96,19,0,Preston Scott,"Vice President, Tax"
60458,2019-03-31,Preston Scott,Tax Vice President,PO Box 3058,0,Spartanburg,Sc,29304,3058,8883164238,8643367334,0,1,14,46,6,0,2,14,54,6,0,3,1,24,7,0,4,1,10,6,0,5,0,3,1,0,6,883.57,501.85,918.33,0,7,10050.31,7219.94,113.11,0,8,0,0,1,0,9A,1,2.4,1.17,0,9B,1,2,1,0,9C,1,5,5,0,10A,58.4,20,17,0,10B,72.94,20,17,0,10C,90,20,17,0,10D,170.6,18.44,29.77,0,10E,49,67,26,0,10F,36,278,80,0,10G,2,17,2,0,10H,1500,7350,1400,0,10I,44,59,26,0,Preston Scott,"Vice President, Tax"
60459,2019-03-31,Preston Scott,Tax Vice President,PO Box 3058,0,Spartanburg,Sc,29304,3058,8883164238,8643367334,0,1,33,104,6,0,2,38,130,6,0,3,0,45,5,0,4,0,20,2,0,5,0,3,2,0,6,1086.05,567.31,1090,0,7,32012.59,20083.54,86.6,0,8,0,0,3,0,9A,0,2.25,2.5,0,9B,0,2,2.5,0,9C,0,7,1,0,10A,60,20,17,0,10B,71.99,20,17,0,10C,89.5,20,17,0,10D,170.26,15.87,29.82,0,10E,44,126,18,0,10F,42,469,48,0,10G,12,56,2,0,10H,12970,26900,2240,0,10I,45,95,12,0,Preston Scott,"Vice President, Tax"
60460,2019-03-31,Preston Scott,Tax Vice President,PO Box 3058,0,Spartanburg,Sc,29304,3058,8883164238,8643367334,0,1,39,55,6,0,2,41,63,6,0,3,0,29,3,0,4,0,13,2,0,5,0,4,1,0,6,1015.85,470.63,3868.33,0,7,30619.82,8374.45,353.87,0,8,0,0,1,0,9A,0,2.23,1.5,0,9B,0,2,1.5,0,9C,0,5,1,0,10A,60,20,17,0,10B,71.5,20,17,0,10C,90,20,17,0,10D,169,15.52,29.44,0,10E,66,64,21,0,10F,62,269,64,0,10G,11,24,3,0,10H,12380,9700,12430,0,10I,72,56,23,0,Preston Scott,"Vice President, Tax"
60461,2019-03-31,Preston Scott,Tax Vice President,PO Box 3058,0,Spartanburg,Sc,29304,3058,8883164238,8643367334,0,1,5,127,0,8,2,5,153,0,8,3,0,61,0,0,4,0,27,0,0,5,0,5,0,0,6,324,457.84,0,496.25,7,4078.37,20371.34,0,5546.4,8,0,0,0,0,9A,0,2.26,0,0,9B,0,2,0,0,9C,0,12,0,0,10A,239.98,20,0,120,10B,253.2,20,0,126.49,10C,264,20,0,133.2,10D,167.8,17.05,0,180,10E,15,232,0,9,10F,7,648,0,8,10G,2,65,0,1,10H,500,26350,0,570,10I,5,165,0,16,Preston Scott,"Vice President, Tax"
60464,2019-03-31,Preston Scott,Tax Vice President,PO Box 3058,0,Spartanburg,Sc,29304,3058,8883164238,8643367334,0,1,42,132,17,0,2,47,160,18,0,3,0,73,14,0,4,0,33,10,0,5,0,5,3,0,6,939.79,506.56,1208.33,0,7,32217.96,22573.79,319.88,0,8,0,0,2,0,9A,0,2.21,1.4,0,9B,0,1,1,0,9C,0,17,7,0,10A,60,20,17,0,10B,68.55,20,17,0,10C,90,20,17,0,10D,168,16.88,29.78,0,10E,54,157,28,0,10F,57,622,100,0,10G,17,55,10,0,10H,16570,27600,14000,0,10I,55,118,30,0,Preston Scott,"Vice President, Tax"
60465,2019-03-31,Preston Scott,Tax Vice President,PO Box 3058,0,Spartanburg,Sc,29304,3058,8883164238,8643367334,0,1,21,137,6,0,2,21,154,6,0,3,0,41,2,0,4,0,25,2,0,5,0,3,0,0,6,824.76,416.56,996.67,0,7,13321.12,15735.75,69.64,0,8,0,0,0,0,9A,0,1.64,1,0,9B,0,1,1,0,9C,0,13,2,0,10A,58.4,20,17,0,10B,72.15,20,17,0,10C,90,20,17,0,10D,171.14,21.08,29.63,0,10E,36,189,13,0,10F,32,611,41,0,10G,3,45,4,0,10H,3110,18900,4700,0,10I,41,142,13,0,Preston Scott,"Vice President, Tax"
60468,2019-03-31,Preston Scott,Tax Vice President,PO Box 3058,0,Spartanburg,Sc,29304,3058,8883164238,8643367334,0,1,0,89,0,8,2,0,106,0,8,3,0,45,0,0,4,0,19,0,0,5,0,4,0,0,6,0,545.75,0,1103.75,7,0,16714.66,0,11403,8,0,0,0,0,9A,0,2.37,0,0,9B,0,2,0,0,9C,0,6,0,0,10A,220,20,0,119.99,10B,235,20,0,122.21,10C,240,20,0,128.4,10D,0,16.41,0,180,10E,4,126,0,11,10F,0,498,0,16,10G,0,33,0,2,10H,0,18000,0,1400,10I,0,109,0,21,Preston Scott,"Vice President, Tax"
60469,2019-03-31,Preston Scott,Tax Vice President,PO Box 3058,0,Spartanburg,Sc,29304,3058,8883164238,8643367334,0,1,2,97,0,6,2,2,107,0,7,3,0,47,0,0,4,0,24,0,0,5,0,4,0,0,6,200,500,0,618.57,7,1072.52,15173.33,0,5781.6,8,0,0,0,0,9A,0,1.96,0,0,9B,0,2,0,0,9C,0,11,0,0,10A,219.92,20,0,119.99,10B,246.38,20,0,123.13,10C,264,20,0,128.2,10D,168.5,17.47,0,180,10E,5,142,0,15,10F,2,466,0,11,10G,2,39,0,2,10H,400,16150,0,880,10I,2,102,0,21,Preston Scott,"Vice President, Tax"
60470,2019-03-31,Preston Scott,Tax Vice President,PO Box 3058,0,Spartanburg,Sc,29304,3058,8883164238,8643367334,0,1,34,82,5,0,2,38,92,5,0,3,0,48,3,0,4,0,20,2,0,5,0,5,1,0,6,1036.58,441.85,1500,0,7,29796.36,13151.19,127.1,0,8,0,0,0,0,9A,0,2.4,1.5,0,9B,0,2,1.5,0,9C,0,7,1,0,10A,60,20,17,0,10B,72.07,20,17,0,10C,89.5,20,17,0,10D,169.82,16.59,29.88,0,10E,52,109,12,0,10F,46,403,35,0,10G,13,33,2,0,10H,12920,12150,3500,0,10I,48,84,13,0,Preston Scott,"Vice President, Tax"
60471,2019-03-31,Preston Scott,Tax Vice President,PO Box 3058,0,Spartanburg,Sc,29304,3058,8883164238,8643367334,0,1,1,214,0,10,2,1,280,0,10,3,0,105,0,0,4,0,54,0,0,5,0,5,0,0,6,300,511.79,0,823,7,672.64,40312.68,0,10904.2,8,0,0,0,0,9A,0,1.94,0,0,9B,0,1,0,0,9C,0,28,0,0,10A,220,20,0,120,10B,252.8,20,0,124.29,10C,264,20,0,128.62,10D,158,18.5,0,180,10E,6,260,0,13,10F,2,902,0,12,10G,0,122,0,3,10H,0,57300,0,2670,10I,5,219,0,18,Preston Scott,"Vice President, Tax"
60472,2019-03-31,Preston Scott,Tax Vice President,PO Box 3058,0,Spartanburg,Sc,29304,3058,8883164238,8643367334,0,1,52,135,12,0,2,58,155,12,0,3,3,47,6,0,4,3,31,5,0,5,0,3,1,0,6,880.69,501.29,1105,0,7,42126.17,20745.42,169.86,0,8,0,0,0,0,9A,1,1.52,1.2,0,9B,1,1,1,0,9C,3,18,4,0,10A,60.4,20,17,0,10B,72.18,20,17,0,10C,90,20,17,0,10D,169.98,19.94,29.39,0,10E,111,167,39,0,10F,102,576,118,0,10G,17,58,5,0,10H,13250,29200,3760,0,10I,97,157,42,0,Preston Scott,"Vice President, Tax"
60475,2019-03-31,Preston Scott,Tax Vice President,PO Box 3058,0,Spartanburg,Sc,29304,3058,8883164238,8643367334,0,1,24,62,16,0,2,24,79,17,0,3,0,23,6,0,4,0,15,5,0,5,0,3,1,0,6,951.67,435.44,1295.29,0,7,19047.61,9086.02,268.39,0,8,0,0,0,0,9A,0,1.53,1.2,0,9B,0,1,1,0,9C,0,10,4,0,10A,63.2,20,17,0,10B,74.78,20,17,0,10C,89.5,20,17,0,10D,171.96,18.32,29.74,0,10E,33,70,20,0,10F,31,270,65,0,10G,3,33,5,0,10H,3300,12950,9900,0,10I,34,67,24,0,Preston Scott,"Vice President, Tax"
60476,2019-03-31,Preston Scott,Tax Vice President,PO Box 3058,0,Spartanburg,Sc,29304,3058,8883164238,8643367334,0,1,31,101,10,0,2,32,123,10,0,3,0,27,8,0,4,0,13,5,0,5,0,4,3,0,6,773.44,396.34,1520,0,7,18534.81,11673.19,240.96,0,8,0,0,0,0,9A,0,2.08,1.6,0,9B,0,2,2,0,9C,0,6,3,0,10A,60,20,17,0,10B,70.51,20,17,0,10C,89.5,20,17,0,10D,170.31,18.71,29.83,0,10E,70,175,28,0,10F,55,569,102,0,10G,9,46,5,0,10H,6420,17400,8100,0,10I,71,124,37,0,Preston Scott,"Vice President, Tax"
60480,2019-03-31,Preston Scott,Tax Vice President,PO Box 3058,0,Spartanburg,Sc,29304,3058,8883164238,8643367334,0,1,10,59,6,0,2,10,63,6,0,3,0,42,3,0,4,0,16,2,0,5,0,4,1,0,6,740,476.19,763.33,0,7,5453,10812.47,65.99,0,8,0,0,0,0,9A,0,2.63,1.5,0,9B,0,2.5,1.5,0,9C,0,5,1,0,10A,61.6,20,17,0,10B,71.43,20,17,0,10C,89.5,20,17,0,10D,169.6,17.07,29.67,0,10E,51,91,35,0,10F,25,322,87,0,10G,0,19,1,0,10H,0,8200,1250,0,10I,40,69,29,0,Preston Scott,"Vice President, Tax"
60481,2019-03-31,Preston Scott,Tax Vice President,PO Box 3058,0,Spartanburg,Sc,29304,3058,8883164238,8643367334,0,1,27,56,7,0,2,29,75,8,0,3,0,16,4,0,4,0,8,3,0,5,0,2,1,0,6,891.72,516.67,741.25,0,7,20458.95,9298.64,80.62,0,8,0,0,0,0,9A,0,2,1.33,0,9B,0,1.5,1,0,9C,0,4,2,0,10A,60.8,20,17,0,10B,73.18,20,17,0,10C,90,20,17,0,10D,171.38,18.27,29.83,0,10E,63,88,14,0,10F,44,268,39,0,10G,8,36,4,0,10H,7700,17600,3520,0,10I,56,57,11,0,Preston Scott,"Vice President, Tax"
60482,2019-03-31,Preston Scott,Tax Vice President,PO Box 3058,0,Spartanburg,Sc,29304,3058,8883164238,8643367334,0,1,20,108,2,0,2,20,133,2,0,3,0,62,2,0,4,0,32,2,0,5,0,4,0,0,6,972,478.2,550,0,7,15454.8,19130.45,28.19,0,8,0,0,1,0,9A,0,1.94,1,0,9B,0,2,1,0,9C,0,15,2,0,10A,61.2,20,17,0,10B,74.58,20,17,0,10C,90,20,17,0,10D,172.1,15.93,29.75,0,10E,58,104,26,0,10F,44,439,66,0,10G,3,50,1,0,10H,2900,20350,400,0,10I,48,91,19,0,Preston Scott,"Vice President, Tax"
60483,2019-03-31,Preston Scott,Tax Vice President,PO Box 3058,0,Spartanburg,Sc,29304,3058,8883164238,8643367334,0,1,4,139,0,4,2,4,163,0,4,3,0,84,0,0,4,0,42,0,0,5,0,4,0,0,6,457.5,449.08,0,962.5,7,4652.38,22358.14,0,5103,8,0,0,0,0,9A,0,2,0,0,9B,0,2,0,0,9C,0,19,0,0,10A,220,20,0,120,10B,245.33,20,0,125.92,10C,264,20,0,133.2,10D,163.5,16.42,0,180,10E,3,163,0,10,10F,4,676,0,6,10G,0,46,0,0,10H,0,18300,0,0,10I,3,139,0,15,Preston Scott,"Vice President, Tax"
60486,2019-03-31,Preston Scott,Tax Vice President,PO Box 3058,0,Spartanburg,Sc,29304,3058,8883164238,8643367334,0,1,26,97,4,0,2,27,109,5,0,3,0,44,3,0,4,0,27,2,0,5,0,3,1,0,6,965.19,512.84,930,0,7,19991.39,16739.77,82.6,0,8,0,0,0,0,9A,0,1.63,1.5,0,9B,0,1,1.5,0,9C,0,17,1,0,10A,60.4,20,17,0,10B,71.78,20,17,0,10C,89.5,20,17,0,10D,170.81,15.35,29.63,0,10E,45,96,13,0,10F,34,377,43,0,10G,4,37,3,0,10H,5190,17450,2150,0,10I,39,70,14,0,Preston Scott,"Vice President, Tax"
60487,2019-03-31,Preston Scott,Tax Vice President,PO Box 3058,0,Spartanburg,Sc,29304,3058,8883164238,8643367334,0,1,3,139,0,3,2,5,164,0,4,3,0,36,0,0,4,0,22,0,0,5,0,4,0,0,6,616,474.39,0,1085,7,7844.24,19386.39,0,5567.4,8,0,0,0,0,9A,0,1.64,0,0,9B,0,1,0,0,9C,0,15,0,0,10A,200,20,0,120,10B,254.67,20,0,123.42,10C,264,20,0,127.92,10D,165,15.98,0,180,10E,5,169,0,2,10F,5,521,0,4,10G,2,72,0,3,10H,1310,32200,0,3990,10I,3,109,0,5,Preston Scott,"Vice President, Tax"
60489,2019-03-31,Preston Scott,Tax Vice President,PO Box 3058,0,Spartanburg,Sc,29304,3058,8883164238,8643367334,0,1,44,105,14,0,2,48,119,14,0,3,1,24,7,0,4,1,17,6,0,5,0,2,1,0,6,791.04,469.75,595.71,0,7,30510.99,14054.79,124.87,0,8,0,0,1,0,9A,1,1.41,1.17,0,9B,1,1,1,0,9C,1,12,5,0,10A,59.2,20,17,0,10B,73.04,20,17,0,10C,90,20,17,0,10D,170.78,15.66,29.76,0,10E,125,141,39,0,10F,93,520,111,0,10G,9,45,5,0,10H,6570,16000,3550,0,10I,117,118,35,0,Preston Scott,"Vice President, Tax"
60491,2019-03-31,Preston Scott,Tax Vice President,PO Box 3058,0,Spartanburg,Sc,29304,3058,8883164238,8643367334,0,1,3,119,0,0,2,3,146,0,0,3,0,60,0,0,4,0,22,0,0,5,0,5,0,0,6,543.33,516.44,0,0,7,4375.71,21119.01,0,0,8,0,0,0,0,9A,0,2.73,0,0,9B,0,2.5,0,0,9C,0,7,0,0,10A,264,20,0,120,10B,264,20,0,124.14,10C,264,20,0,127.33,10D,168.33,15.44,0,0,10E,2,153,0,3,10F,3,590,0,0,10G,1,54,0,0,10H,230,25900,0,0,10I,2,108,0,0,Preston Scott,"Vice President, Tax"
60494,2019-03-31,Preston Scott,Tax Vice President,PO Box 3058,0,Spartanburg,Sc,29304,3058,8883164238,8643367334,0,1,11,70,13,0,2,11,91,13,0,3,0,20,1,0,4,0,11,1,0,5,0,2,0,0,6,733.64,398.35,1452.31,0,7,5989.19,9361.09,189.72,0,8,0,0,0,0,9A,0,1.82,1,0,9B,0,2,1,0,9C,0,5,1,0,10A,59.2,20,17,0,10B,71.96,20,17,0,10C,89.5,20,17,0,10D,169.09,16.9,29.93,0,10E,27,105,37,0,10F,15,356,105,0,10G,1,47,6,0,10H,500,16350,6600,0,10I,24,79,37,0,Preston Scott,"Vice President, Tax"
60495,2019-03-31,Preston Scott,Tax Vice President,PO Box 3058,0,Spartanburg,Sc,29304,3058,8883164238,8643367334,0,1,24,94,16,0,2,26,117,18,0,3,2,51,9,0,4,2,26,6,0,5,0,4,3,0,6,765.38,457.26,1262.22,0,7,16697.53,16007.25,317.71,0,8,0,0,1,0,9A,1,1.96,1.5,0,9B,1,2,1.5,0,9C,2,12,3,0,10A,59.2,20,17,0,10B,74.51,20,17,0,10C,90,20,17,0,10D,170.07,17.18,29.74,0,10E,33,127,28,0,10F,32,444,82,0,10G,6,46,12,0,10H,4920,17650,13830,0,10I,35,105,26,0,Preston Scott,"Vice President, Tax"
60496,2019-03-31,Preston Scott,Tax Vice President,PO Box 3058,0,Spartanburg,Sc,29304,3058,8883164238,8643367334,0,1,23,103,5,0,2,23,114,6,0,3,0,52,0,0,4,0,29,0,0,5,0,3,0,0,6,988.7,468.86,620,0,7,17281.37,15497.77,36.92,0,8,0,0,2,0,9A,0,1.79,0,0,9B,0,2,0,0,9C,0,14,0,0,10A,61.6,20,17,0,10B,69.53,20,17,0,10C,88,20,17,0,10D,171.22,17.83,29.83,0,10E,48,111,19,0,10F,29,389,66,0,10G,5,34,4,0,10H,6200,13000,1700,0,10I,39,96,22,0,Preston Scott,"Vice President, Tax"
60497,2019-03-31,Preston Scott,Tax Vice President,PO Box 3058,0,Spartanburg,Sc,29304,3058,8883164238,8643367334,0,1,20,89,4,0,2,21,98,4,0,3,1,31,1,0,4,1,18,1,0,5,0,3,0,0,6,743.81,468.37,850,0,7,12855.7,11480.57,37.46,0,8,0,0,0,0,9A,1,1.72,1,0,9B,1,1,1,0,9C,1,10,1,0,10A,60.4,20,17,0,10B,74.24,20,17,0,10C,90,20,17,0,10D,170.41,18.64,29.4,0,10E,34,133,18,0,10F,28,467,57,0,10G,2,28,0,0,10H,1300,11650,0,0,10I,35,111,18,0,Preston Scott,"Vice President, Tax"
60498,2019-03-31,Preston Scott,Tax Vice President,PO Box 3058,0,Spartanburg,Sc,29304,3058,8883164238,8643367334,0,1,24,102,7,0,2,24,122,7,0,3,1,52,4,0,4,1,23,2,0,5,0,4,2,0,6,813.33,477.46,1420,0,7,15649.52,16026.9,112.75,0,8,0,0,1,0,9A,1,2.26,2,0,9B,1,2,2,0,9C,1,8,2,0,10A,60.8,20,17,0,10B,68.53,20,17,0,10C,89.5,20,17,0,10D,171.72,16.87,29.73,0,10E,48,119,31,0,10F,27,493,93,0,10G,2,43,1,0,10H,1200,18750,490,0,10I,42,93,26,0,Preston Scott,"Vice President, Tax"
60499,2019-03-31,Preston Scott,Tax Vice President,PO Box 3058,0,Spartanburg,Sc,29304,3058,8883164238,8643367334,0,1,14,61,7,0,2,14,67,7,0,3,0,26,4,0,4,0,15,4,0,5,0,3,0,0,6,765,473.88,1911.43,0,7,7882.31,8566.63,190.68,0,8,0,0,1,0,9A,0,1.73,1,0,9B,0,1,1,0,9C,0,8,4,0,10A,60.8,20,17,0,10B,70.14,20,17,0,10C,87.5,20,17,0,10D,169.43,18.88,29.73,0,10E,32,96,19,0,10F,26,314,45,0,10G,3,21,3,0,10H,2300,10000,6800,0,10I,29,80,12,0,Preston Scott,"Vice President, Tax"
60500,2019-03-31,Preston Scott,Tax Vice President,PO Box 3058,0,Spartanburg,Sc,29304,3058,8883164238,8643367334,0,1,13,152,0,12,2,14,170,0,12,3,0,55,0,1,4,0,24,0,1,5,0,5,0,0,6,458.57,452.65,0,820,7,16877.68,20495.96,0,13975.32,8,0,0,0,1,9A,0,2.29,0,1,9B,0,2,0,1,9C,0,11,0,1,10A,219.96,20,0,119.99,10B,258.52,20,0,124.12,10C,264,20,0,133.2,10D,165.21,18.02,0,180,10E,37,212,0,15,10F,17,774,0,17,10G,6,59,0,2,10H,2380,19750,0,1300,10I,17,191,0,23,Preston Scott,"Vice President, Tax"
60501,2019-03-31,Preston Scott,Tax Vice President,PO Box 3058,0,Spartanburg,Sc,29304,3058,8883164238,8643367334,0,1,29,68,9,0,2,29,78,10,0,3,3,19,3,0,4,3,12,3,0,5,0,2,0,0,6,864.14,521.79,1253,0,7,21065.62,10388.55,160.53,0,8,0,0,1,0,9A,1,1.58,1,0,9B,1,1,1,0,9C,3,7,3,0,10A,58.4,20,17,0,10B,71.9,20,17,0,10C,89.5,20,17,0,10D,173.69,18.75,29.77,0,10E,84,80,22,0,10F,70,265,66,0,10G,9,31,3,0,10H,6640,14150,2700,0,10I,70,61,22,0,Preston Scott,"Vice President, Tax"
60504,2019-03-31,Preston Scott,Tax Vice President,PO Box 3058,0,Spartanburg,Sc,29304,3058,8883164238,8643367334,0,1,47,77,0,0,2,48,88,0,0,3,1,45,0,0,4,1,22,0,0,5,0,4,0,0,6,959.17,505.68,0,0,7,35845.02,13021.16,0,0,8,0,0,1,0,9A,1,2.05,0,0,9B,1,1,0,0,9C,1,12,0,0,10A,60,20,17,0,10B,72.83,20,17,0,10C,90,20,17,0,10D,170.35,13.77,0,0,10E,87,88,9,0,10F,62,328,0,0,10G,13,32,0,0,10H,14130,16700,0,0,10I,67,56,0,0,Preston Scott,"Vice President, Tax"
60505,2019-03-31,Preston Scott,Tax Vice President,PO Box 3058,0,Spartanburg,Sc,29304,3058,8883164238,8643367334,0,1,12,97,10,0,2,12,118,11,0,3,0,43,6,0,4,0,23,6,0,5,0,4,0,0,6,795.83,545.34,491.82,0,7,7732.14,17770.22,79.06,0,8,0,0,0,0,9A,0,1.87,1,0,9B,0,2,1,0,9C,0,11,6,0,10A,58.8,20,17,0,10B,74.66,20,17,0,10C,90,20,17,0,10D,172.08,19.5,29.71,0,10E,47,109,50,0,10F,28,415,133,0,10G,2,47,5,0,10H,1290,24200,2710,0,10I,44,104,40,0,Preston Scott,"Vice President, Tax"
60506,2019-03-31,Preston Scott,Tax Vice President,PO Box 3058,0,Spartanburg,Sc,29304,3058,8883164238,8643367334,0,1,19,147,30,0,2,21,169,30,0,3,0,36,9,0,4,0,18,7,0,5,0,3,2,0,6,801.43,516.86,635,0,7,12780.34,21628.3,227.92,0,8,0,0,1,0,9A,0,2,1.29,0,9B,0,2,1,0,9C,0,8,5,0,10A,60,20,17,0,10B,70.24,20,17,0,10C,88,20,17,0,10D,170.43,18.36,29.77,0,10E,41,175,62,0,10F,24,630,204,0,10G,6,76,15,0,10H,5430,37700,8800,0,10I,33,161,69,0,Preston Scott,"Vice President, Tax"
60507,2019-03-31,Preston Scott,Tax Vice President,PO Box 3058,0,Spartanburg,Sc,29304,3058,8883164238,8643367334,0,1,55,146,15,0,2,58,173,16,0,3,2,50,7,0,4,2,25,5,0,5,0,4,2,0,6,821.55,425.14,1391.25,0,7,38912.07,18798.96,247.72,0,8,0,0,2,0,9A,1,2,1.4,0,9B,1,1,1,0,9C,2,13,3,0,10A,60,20,17,0,10B,74.23,20,17,0,10C,90,20,17,0,10D,170.82,16.32,29.7,0,10E,83,133,19,0,10F,82,649,118,0,10G,10,75,6,0,10H,9660,31250,8170,0,10I,110,146,41,0,Preston Scott,"Vice President, Tax"
60509,2019-03-31,Preston Scott,Tax Vice President,PO Box 3058,0,Spartanburg,Sc,29304,3058,8883164238,8643367334,0,1,44,154,6,0,2,47,186,6,0,3,1,73,4,0,4,1,39,3,0,5,0,4,1,0,6,872.55,444.62,3193.33,0,7,31880.71,24475.03,266.17,0,8,0,0,4,0,9A,1,1.87,1.33,0,9B,1,1,1,0,9C,1,20,2,0,10A,58.4,20,17,0,10B,73.03,20,17,0,10C,90,20,17,0,10D,170.83,16.71,29.8,0,10E,61,180,11,0,10F,65,631,38,0,10G,11,70,2,0,10H,8930,24850,12320,0,10I,57,167,13,0,Preston Scott,"Vice President, Tax"
60511,2019-03-31,Preston Scott,Tax Vice President,PO Box 3058,0,Spartanburg,Sc,29304,3058,8883164238,8643367334,0,1,25,113,3,0,2,27,135,3,0,3,0,36,0,0,4,0,22,0,0,5,0,2,0,0,6,818.52,500.37,1320,0,7,17886.01,17089.25,38.53,0,8,0,0,0,0,9A,0,1.64,0,0,9B,0,2,0,0,9C,0,12,0,0,10A,61.6,20,17,0,10B,73.77,20,17,0,10C,90,20,17,0,10D,171.78,17.37,30,0,10E,57,135,25,0,10F,40,436,56,0,10G,4,51,1,0,10H,2890,25150,870,0,10I,49,101,18,0,Preston Scott,"Vice President, Tax"
60515,2019-03-31,Preston Scott,Tax Vice President,PO Box 3058,0,Spartanburg,Sc,29304,3058,8883164238,8643367334,0,1,6,128,0,2,2,6,152,0,2,3,0,63,0,0,4,0,27,0,0,5,0,4,0,0,6,460,460.2,0,800,7,6787.77,20323.86,0,2060.8,8,0,0,0,3,9A,0,2.33,0,0,9B,0,2,0,0,9C,0,11,0,0,10A,200,20,0,119.99,10B,241.71,20,0,123.12,10C,264,20,0,128,10D,160.33,17.07,0,180,10E,1,201,0,10,10F,6,685,0,4,10G,1,49,0,0,10H,490,20500,0,0,10I,3,159,0,7,Preston Scott,"Vice President, Tax"
60516,2019-03-31,Preston Scott,Tax Vice President,PO Box 3058,0,Spartanburg,Sc,29304,3058,8883164238,8643367334,0,1,28,58,4,0,2,28,68,4,0,3,0,29,1,0,4,0,11,1,0,5,0,4,0,0,6,872.86,403.68,1875,0,7,18112.64,8247.69,75.61,0,8,0,0,1,0,9A,0,2.64,1,0,9B,0,2,1,0,9C,0,4,1,0,10A,60.4,20,17,0,10B,69.93,20,17,0,10C,89,20,17,0,10D,170.32,18.05,29.6,0,10E,70,68,14,0,10F,45,256,44,0,10G,10,32,1,0,10H,8640,10300,2000,0,10I,51,62,17,0,Preston Scott,"Vice President, Tax"
60517,2019-03-31,Preston Scott,Tax Vice President,PO Box 3058,0,Spartanburg,Sc,29304,3058,8883164238,8643367334,0,1,2,81,0,2,2,2,98,0,2,3,0,31,0,0,4,0,19,0,0,5,0,2,0,0,6,645,480.1,0,765,7,3460.75,13083.14,0,2056.8,8,0,0,0,0,9A,0,1.63,0,0,9B,0,1,0,0,9C,0,10,0,0,10A,240,20,0,120,10B,259.2,20,0,123.52,10C,264,20,0,128.8,10D,162.5,16.5,0,180,10E,4,107,0,2,10F,2,347,0,4,10G,1,34,0,1,10H,1000,14400,0,550,10I,2,84,0,3,Preston Scott,"Vice President, Tax"
65677,2019-03-31,Preston Scott,Tax Vice President,PO Box 3058,0,Spartanburg,Sc,29304,3058,8883164238,8643367334,0,1,9,81,5,0,2,9,100,5,0,3,0,30,6,0,4,0,14,3,0,5,0,4,2,0,6,791.11,458.5,860,0,7,5092.2,12256.55,70.73,0,8,0,0,0,0,9A,0,2.14,2,0,9B,0,2,2,0,9C,0,6,1,0,10A,60.8,20,17,0,10B,72.19,20,17,0,10C,90,20,17,0,10D,166.33,18.22,29.36,0,10E,40,102,21,0,10F,19,395,49,0,10G,3,34,2,0,10H,2010,14850,1500,0,10I,30,85,11,0,Preston Scott,"Vice President, Tax"
150908,2019-03-31,Preston Scott,Tax Vice President,PO Box 3058,0,Spartanburg,Sc,29304,3058,8883164238,8643367334,0,1,1586,2089,0,0,2,1678,3019,0,0,3,69,1586,0,0,4,68,675,0,0,5,1,9,0,0,6,520.56,312.19,0,0,7,776475.44,352237.48,0,0,8,0,0,0,0,9A,1.01,2.35,0,0,9B,1,2,0,0,9C,67,241,0,0,10A,63,0,0,0,10B,80.65,0,0,0,10C,170,0,0,0,10D,162.67,14.76,0,0,10E,3875,1793,0,0,10F,3213,9664,0,0,10G,77,908,0,0,10H,43600,283000,0,0,10I,0,0,0,0,Preston Scott,"Vice President, Tax"
150909,2019-03-31,Preston Scott,Tax Vice President,PO Box 3058,0,Spartanburg,Sc,29304,3058,8883164238,8643367334,0,1,0,0,0,0,2,0,0,0,0,3,0,0,0,0,4,0,0,0,0,5,0,0,0,0,6,0,0,0,0,7,0,0,0,0,8,0,0,0,0,9A,0,0,0,0,9B,0,0,0,0,9C,0,0,0,0,10A,0,0,0,0,10B,0,0,0,0,10C,0,0,0,0,10D,0,0,0,0,10E,0,0,0,0,10F,0,0,0,0,10G,0,0,0,0,10H,0,0,0,0,10I,0,0,0,0,Preston Scott,"Vice President, Tax"
